_id,y_true,y_pred
test:00002046,irony,irony
test:00002047,irony,irony
test:00002048,irony,irony
test:00002049,irony,sarcasm
test:00002050,irony,irony
test:00002051,irony,irony
test:00002053,irony,sarcasm
test:00002054,irony,irony
test:00002055,irony,sarcasm
test:00002056,irony,sarcasm
test:00002057,irony,sarcasm
test:00002058,irony,irony
test:00002059,irony,irony
test:00002060,irony,irony
test:00002061,irony,sarcasm
test:00002062,irony,sarcasm
test:00002063,irony,sarcasm
test:00002064,irony,sarcasm
test:00002065,irony,irony
test:00002066,irony,irony
test:00002067,irony,irony
test:00002068,irony,irony
test:00002069,irony,irony
test:00002070,irony,sarcasm
test:00002071,irony,sarcasm
test:00002072,irony,regular
test:00002073,irony,sarcasm
test:00002074,irony,irony
test:00002076,irony,irony
test:00002077,irony,irony
test:00002078,irony,irony
test:00002079,irony,sarcasm
test:00002080,irony,irony
test:00002081,irony,irony
test:00002082,irony,irony
test:00002083,irony,sarcasm
test:00002084,irony,sarcasm
test:00002085,irony,irony
test:00002086,irony,regular
test:00002087,irony,irony
test:00002088,irony,irony
test:00002089,irony,sarcasm
test:00002090,irony,irony
test:00002091,irony,irony
test:00002092,irony,irony
test:00002093,irony,sarcasm
test:00002094,irony,irony
test:00002095,irony,sarcasm
test:00002096,irony,irony
test:00002097,irony,irony
test:00002098,irony,irony
test:00002099,irony,irony
test:00002100,irony,irony
test:00002101,irony,irony
test:00002102,irony,sarcasm
test:00002103,irony,sarcasm
test:00002104,irony,sarcasm
test:00002105,irony,irony
test:00002106,irony,irony
test:00002107,irony,sarcasm
test:00002108,irony,irony
test:00002109,irony,irony
test:00002110,irony,irony
test:00002111,irony,irony
test:00002112,irony,irony
test:00002113,irony,irony
test:00002114,irony,irony
test:00002115,irony,irony
test:00002117,irony,irony
test:00002118,irony,irony
test:00002119,irony,irony
test:00002120,irony,sarcasm
test:00002121,irony,irony
test:00002122,irony,sarcasm
test:00002123,irony,sarcasm
test:00002124,irony,irony
test:00002125,irony,sarcasm
test:00002126,irony,sarcasm
test:00002127,irony,sarcasm
test:00002128,irony,irony
test:00002129,irony,irony
test:00002130,irony,sarcasm
test:00002131,irony,irony
test:00002132,irony,irony
test:00002133,irony,irony
test:00002134,irony,irony
test:00002135,irony,irony
test:00002136,irony,irony
test:00002137,irony,irony
test:00002138,irony,irony
test:00002139,irony,irony
test:00002140,irony,irony
test:00002141,irony,irony
test:00002142,irony,sarcasm
test:00002143,irony,sarcasm
test:00002144,irony,sarcasm
test:00002145,irony,irony
test:00002146,irony,irony
test:00002147,irony,irony
test:00002148,irony,irony
test:00002149,irony,irony
test:00002150,irony,irony
test:00002151,irony,regular
test:00002152,irony,irony
test:00002153,irony,irony
test:00002154,irony,irony
test:00002155,irony,irony
test:00002156,irony,irony
test:00002157,irony,irony
test:00002158,irony,sarcasm
test:00002159,irony,irony
test:00002160,irony,irony
test:00002161,irony,irony
test:00002162,irony,irony
test:00002163,irony,irony
test:00002164,irony,irony
test:00002165,irony,irony
test:00002166,irony,regular
test:00002167,irony,irony
test:00002168,irony,irony
test:00002169,irony,sarcasm
test:00002170,irony,irony
test:00002171,irony,irony
test:00002172,irony,irony
test:00002173,irony,regular
test:00002174,irony,irony
test:00002175,irony,irony
test:00002176,irony,sarcasm
test:00002177,irony,irony
test:00002178,irony,irony
test:00002179,irony,irony
test:00002180,irony,irony
test:00002181,irony,sarcasm
test:00002182,irony,irony
test:00002183,irony,irony
test:00002184,irony,irony
test:00002185,irony,irony
test:00002186,irony,irony
test:00002187,irony,irony
test:00002188,irony,irony
test:00002189,irony,irony
test:00002190,irony,irony
test:00002191,irony,irony
test:00002192,irony,irony
test:00002193,irony,sarcasm
test:00002194,irony,irony
test:00002195,irony,irony
test:00002196,irony,irony
test:00002197,irony,irony
test:00002198,irony,irony
test:00002199,irony,irony
test:00002200,irony,irony
test:00002201,irony,sarcasm
test:00002202,irony,sarcasm
test:00002203,irony,irony
test:00002204,irony,irony
test:00002205,irony,irony
test:00002206,irony,irony
test:00002207,irony,sarcasm
test:00002208,irony,irony
test:00002209,irony,irony
test:00002210,irony,irony
test:00002211,irony,irony
test:00002212,irony,irony
test:00002213,irony,irony
test:00002214,irony,sarcasm
test:00002215,irony,sarcasm
test:00002216,irony,regular
test:00002217,irony,irony
test:00002218,irony,irony
test:00002219,irony,regular
test:00002220,irony,irony
test:00002221,irony,sarcasm
test:00002222,irony,irony
test:00002223,irony,irony
test:00002224,irony,sarcasm
test:00002225,irony,sarcasm
test:00002226,irony,irony
test:00002227,irony,irony
test:00002228,irony,sarcasm
test:00002229,irony,sarcasm
test:00002230,irony,regular
test:00002231,irony,irony
test:00002232,irony,irony
test:00002233,irony,irony
test:00002234,irony,irony
test:00002235,irony,irony
test:00002236,irony,irony
test:00002237,irony,irony
test:00002238,irony,irony
test:00002239,irony,sarcasm
test:00002240,irony,irony
test:00002241,irony,irony
test:00002242,irony,irony
test:00002243,irony,irony
test:00002244,irony,irony
test:00002245,irony,irony
test:00002246,irony,sarcasm
test:00002247,irony,irony
test:00002248,irony,irony
test:00002249,irony,irony
test:00002250,irony,sarcasm
test:00002251,irony,irony
test:00002252,irony,irony
test:00002253,irony,irony
test:00002254,irony,sarcasm
test:00002255,irony,regular
test:00002256,irony,irony
test:00002257,irony,irony
test:00002258,irony,irony
test:00002259,irony,sarcasm
test:00002260,irony,irony
test:00002261,irony,irony
test:00002262,irony,irony
test:00002263,irony,irony
test:00002264,irony,sarcasm
test:00002265,irony,sarcasm
test:00002266,irony,sarcasm
test:00002267,irony,sarcasm
test:00002268,irony,irony
test:00002269,irony,irony
test:00002270,irony,irony
test:00002271,irony,irony
test:00002272,irony,irony
test:00002273,irony,irony
test:00002274,irony,irony
test:00002275,irony,regular
test:00002276,irony,irony
test:00002277,irony,irony
test:00002278,irony,irony
test:00002279,irony,irony
test:00002280,irony,sarcasm
test:00002281,irony,irony
test:00002282,irony,sarcasm
test:00002283,irony,sarcasm
test:00002284,irony,sarcasm
test:00002285,irony,irony
test:00002286,irony,irony
test:00002287,irony,sarcasm
test:00002288,irony,irony
test:00002289,irony,sarcasm
test:00002290,irony,irony
test:00002291,irony,irony
test:00002292,irony,irony
test:00002293,irony,irony
test:00002294,irony,irony
test:00002295,irony,irony
test:00002296,irony,irony
test:00002297,irony,irony
test:00002298,irony,irony
test:00002299,irony,irony
test:00002300,irony,irony
test:00002301,irony,irony
test:00002302,irony,irony
test:00002303,irony,irony
test:00002304,irony,sarcasm
test:00002305,irony,irony
test:00002306,irony,irony
test:00002307,irony,irony
test:00002308,irony,irony
test:00002309,irony,irony
test:00002310,irony,irony
test:00002311,irony,irony
test:00002312,irony,sarcasm
test:00002313,irony,irony
test:00002314,irony,irony
test:00002315,irony,irony
test:00002316,irony,irony
test:00002317,irony,irony
test:00002318,irony,sarcasm
test:00002319,irony,irony
test:00002320,irony,irony
test:00002321,irony,irony
test:00002322,irony,irony
test:00002323,irony,irony
test:00002324,irony,irony
test:00002325,irony,regular
test:00002326,irony,sarcasm
test:00002327,irony,sarcasm
test:00002328,irony,irony
test:00002329,irony,irony
test:00002330,irony,sarcasm
test:00002332,irony,irony
test:00002333,irony,regular
test:00002334,irony,irony
test:00002335,irony,irony
test:00002336,irony,irony
test:00002337,irony,sarcasm
test:00002338,irony,irony
test:00002339,irony,irony
test:00002340,irony,irony
test:00002341,irony,irony
test:00002342,irony,irony
test:00002343,irony,irony
test:00002344,irony,irony
test:00002345,irony,irony
test:00002346,irony,irony
test:00002347,irony,sarcasm
test:00002348,irony,irony
test:00002349,irony,irony
test:00002350,irony,irony
test:00002351,irony,irony
test:00002352,irony,irony
test:00002353,irony,irony
test:00002354,irony,irony
test:00002355,irony,sarcasm
test:00002356,irony,irony
test:00002357,irony,irony
test:00002358,irony,regular
test:00002359,irony,irony
test:00002360,irony,sarcasm
test:00002361,irony,sarcasm
test:00002362,irony,irony
test:00002363,irony,irony
test:00002364,irony,irony
test:00002365,irony,sarcasm
test:00002366,irony,irony
test:00002367,irony,sarcasm
test:00002368,irony,irony
test:00002369,irony,irony
test:00002370,irony,irony
test:00002371,irony,irony
test:00002372,irony,irony
test:00002373,irony,irony
test:00002374,irony,irony
test:00002375,irony,irony
test:00002376,irony,sarcasm
test:00002377,irony,sarcasm
test:00002378,irony,irony
test:00002379,irony,sarcasm
test:00002380,irony,irony
test:00002381,irony,irony
test:00002382,irony,irony
test:00002383,irony,irony
test:00002384,irony,sarcasm
test:00002385,irony,irony
test:00002386,irony,irony
test:00002387,irony,irony
test:00002388,irony,irony
test:00002389,irony,irony
test:00002390,irony,irony
test:00002391,irony,sarcasm
test:00002392,irony,irony
test:00002393,irony,irony
test:00002394,irony,irony
test:00002395,irony,irony
test:00002396,irony,irony
test:00002397,irony,irony
test:00002399,irony,irony
test:00002400,irony,irony
test:00002401,irony,irony
test:00002402,irony,irony
test:00002403,irony,sarcasm
test:00002404,irony,irony
test:00002405,irony,irony
test:00002406,irony,irony
test:00002407,irony,irony
test:00002408,irony,sarcasm
test:00002409,irony,irony
test:00002410,irony,irony
test:00002411,irony,sarcasm
test:00002412,irony,irony
test:00002413,irony,irony
test:00002414,irony,irony
test:00002416,irony,irony
test:00002417,irony,regular
test:00002418,irony,irony
test:00002419,irony,sarcasm
test:00002420,irony,sarcasm
test:00002421,irony,irony
test:00002422,irony,irony
test:00002423,irony,sarcasm
test:00002424,irony,irony
test:00002425,irony,irony
test:00002426,irony,irony
test:00002427,irony,sarcasm
test:00002428,irony,sarcasm
test:00002429,irony,irony
test:00002430,irony,sarcasm
test:00002431,irony,sarcasm
test:00002432,irony,sarcasm
test:00002433,irony,regular
test:00002434,irony,irony
test:00002435,irony,irony
test:00002436,irony,irony
test:00002437,irony,irony
test:00002438,irony,irony
test:00002439,irony,sarcasm
test:00002440,irony,sarcasm
test:00002441,irony,sarcasm
test:00002442,irony,irony
test:00002443,irony,irony
test:00002444,irony,irony
test:00002445,irony,irony
test:00002446,irony,irony
test:00002447,irony,sarcasm
test:00002448,irony,irony
test:00002449,irony,irony
test:00002450,irony,sarcasm
test:00002451,irony,sarcasm
test:00002452,irony,irony
test:00002453,irony,irony
test:00002454,irony,irony
test:00002455,irony,irony
test:00002456,irony,sarcasm
test:00002457,irony,irony
test:00002458,irony,irony
test:00002459,irony,irony
test:00002460,irony,sarcasm
test:00002461,irony,irony
test:00002462,irony,irony
test:00002463,irony,irony
test:00002464,irony,sarcasm
test:00002465,irony,irony
test:00002466,irony,irony
test:00002467,irony,sarcasm
test:00002468,irony,sarcasm
test:00002469,irony,sarcasm
test:00002470,irony,irony
test:00002471,irony,irony
test:00002472,irony,sarcasm
test:00002473,irony,irony
test:00002474,irony,irony
test:00002475,irony,irony
test:00002476,irony,sarcasm
test:00002477,irony,irony
test:00002478,irony,irony
test:00002479,irony,irony
test:00002480,irony,irony
test:00002481,irony,irony
test:00002482,irony,irony
test:00002483,irony,regular
test:00002484,irony,irony
test:00002485,irony,irony
test:00002486,irony,sarcasm
test:00002487,irony,irony
test:00002488,irony,irony
test:00002489,irony,irony
test:00002490,irony,irony
test:00002491,irony,sarcasm
test:00002492,irony,irony
test:00002493,irony,irony
test:00002494,irony,irony
test:00002495,irony,irony
test:00002496,irony,irony
test:00002497,irony,sarcasm
test:00002498,irony,irony
test:00002499,irony,irony
test:00002500,irony,irony
test:00002501,irony,irony
test:00002502,irony,irony
test:00002503,irony,irony
test:00002504,irony,sarcasm
test:00002505,irony,irony
test:00002506,irony,irony
test:00002507,irony,irony
test:00002508,irony,irony
test:00002509,irony,sarcasm
test:00002510,irony,irony
test:00002511,irony,irony
test:00002512,irony,irony
test:00002513,irony,irony
test:00002514,irony,sarcasm
test:00002515,irony,sarcasm
test:00002516,irony,sarcasm
test:00002517,irony,regular
test:00002518,irony,irony
test:00002519,irony,sarcasm
test:00002520,irony,irony
test:00002521,irony,irony
test:00002522,irony,irony
test:00002523,irony,irony
test:00002524,irony,irony
test:00002525,irony,irony
test:00002526,irony,irony
test:00002527,irony,sarcasm
test:00002528,irony,irony
test:00002529,irony,irony
test:00002530,irony,irony
test:00002531,irony,irony
test:00002532,irony,sarcasm
test:00002533,irony,irony
test:00002534,irony,irony
test:00002535,irony,irony
test:00002536,irony,irony
test:00002537,irony,irony
test:00002539,irony,irony
test:00002540,irony,regular
test:00002541,irony,irony
test:00002542,irony,sarcasm
test:00002543,irony,regular
test:00002544,irony,irony
test:00002545,irony,sarcasm
test:00002546,irony,irony
test:00002547,irony,regular
test:00002548,irony,irony
test:00002549,irony,irony
test:00002550,irony,irony
test:00002551,irony,regular
test:00002552,irony,sarcasm
test:00002553,irony,irony
test:00002554,irony,irony
test:00002555,irony,irony
test:00002556,irony,irony
test:00002557,irony,sarcasm
test:00002558,irony,irony
test:00002559,irony,irony
test:00002560,irony,irony
test:00002561,irony,sarcasm
test:00002562,irony,irony
test:00002563,irony,irony
test:00002564,irony,irony
test:00002565,irony,sarcasm
test:00002566,irony,irony
test:00002567,irony,irony
test:00002568,irony,irony
test:00002569,irony,irony
test:00002570,irony,irony
test:00002571,irony,sarcasm
test:00002572,irony,irony
test:00002573,irony,irony
test:00002574,irony,irony
test:00002575,irony,sarcasm
test:00002576,irony,sarcasm
test:00002577,irony,irony
test:00002578,irony,irony
test:00002579,irony,irony
test:00002580,irony,sarcasm
test:00002581,irony,irony
test:00002582,irony,irony
test:00002583,irony,irony
test:00002584,irony,irony
test:00002585,irony,sarcasm
test:00002586,irony,irony
test:00002587,irony,irony
test:00002588,irony,irony
test:00002589,irony,irony
test:00002590,irony,irony
test:00002591,irony,sarcasm
test:00002592,irony,irony
test:00002593,irony,regular
test:00002594,irony,irony
test:00002595,irony,irony
test:00002596,irony,irony
test:00002597,irony,irony
test:00002598,irony,irony
test:00002599,irony,irony
test:00002600,irony,irony
test:00002601,irony,irony
test:00002602,irony,sarcasm
test:00002603,irony,regular
test:00002604,irony,sarcasm
test:00002605,irony,irony
test:00002606,irony,irony
test:00002607,irony,irony
test:00002608,irony,irony
test:00002609,irony,irony
test:00002610,irony,sarcasm
test:00002611,irony,irony
test:00002612,irony,irony
test:00002613,irony,irony
test:00002614,irony,irony
test:00002615,irony,irony
test:00002616,irony,irony
test:00002617,irony,irony
test:00002618,irony,irony
test:00002619,irony,irony
test:00002620,irony,irony
test:00002621,irony,irony
test:00002622,irony,irony
test:00002623,irony,sarcasm
test:00002624,irony,sarcasm
test:00002625,irony,irony
test:00002626,irony,regular
test:00002627,irony,irony
test:00002628,irony,irony
test:00002629,irony,irony
test:00002630,irony,sarcasm
test:00002631,irony,irony
test:00002632,irony,sarcasm
test:00002633,irony,irony
test:00002634,irony,irony
test:00002635,irony,irony
test:00002636,irony,irony
test:00002637,irony,irony
test:00002638,irony,irony
test:00002639,irony,irony
test:00002640,irony,irony
test:00002641,irony,irony
test:00002642,irony,regular
test:00002643,irony,irony
test:00002644,irony,irony
test:00002645,irony,sarcasm
test:00002646,irony,irony
test:00002647,irony,irony
test:00002648,irony,irony
test:00002649,irony,irony
test:00002650,irony,sarcasm
test:00002651,irony,sarcasm
test:00002652,irony,irony
test:00002653,irony,sarcasm
test:00002654,irony,irony
test:00002655,irony,irony
test:00002656,irony,irony
test:00002657,irony,irony
test:00002658,irony,irony
test:00002659,irony,sarcasm
test:00002660,irony,irony
test:00002661,irony,irony
test:00002662,irony,sarcasm
test:00002663,irony,sarcasm
test:00002664,irony,irony
test:00002665,irony,irony
test:00002666,irony,irony
test:00002667,irony,irony
test:00002668,irony,irony
test:00002669,irony,irony
test:00002670,irony,irony
test:00002671,irony,irony
test:00002672,irony,sarcasm
test:00002673,irony,irony
test:00002674,irony,irony
test:00002675,irony,irony
test:00002676,irony,irony
test:00002677,irony,regular
test:00002678,irony,irony
test:00002679,irony,irony
test:00002680,irony,sarcasm
test:00002681,irony,irony
test:00002682,irony,irony
test:00002683,irony,sarcasm
test:00002684,irony,irony
test:00002685,irony,irony
test:00002686,irony,irony
test:00002687,irony,irony
test:00002688,irony,irony
test:00002689,irony,irony
test:00002690,irony,sarcasm
test:00002691,irony,sarcasm
test:00002692,irony,sarcasm
test:00002693,irony,irony
test:00002694,irony,irony
test:00002695,irony,irony
test:00002696,irony,irony
test:00002697,irony,irony
test:00002698,irony,irony
test:00002699,irony,irony
test:00002700,irony,irony
test:00002701,irony,irony
test:00002702,irony,irony
test:00002703,irony,irony
test:00002704,irony,irony
test:00002705,irony,irony
test:00002706,irony,irony
test:00002707,irony,irony
test:00002708,irony,irony
test:00002709,irony,irony
test:00002710,irony,irony
test:00002711,irony,irony
test:00002712,irony,irony
test:00002713,irony,irony
test:00002714,irony,irony
test:00002715,irony,sarcasm
test:00002716,irony,regular
test:00002717,irony,irony
test:00002718,irony,irony
test:00002719,irony,irony
test:00002720,irony,irony
test:00002721,irony,irony
test:00002722,irony,irony
test:00002723,irony,irony
test:00002724,irony,irony
test:00002725,irony,sarcasm
test:00002726,irony,irony
test:00002727,irony,irony
test:00002728,irony,irony
test:00002729,irony,irony
test:00002730,irony,irony
test:00002731,irony,irony
test:00002732,irony,irony
test:00002733,irony,sarcasm
test:00002734,irony,irony
test:00002735,irony,sarcasm
test:00002736,irony,sarcasm
test:00002737,irony,irony
test:00002738,irony,irony
test:00002739,irony,irony
test:00002740,irony,irony
test:00002741,irony,irony
test:00002742,irony,irony
test:00002743,irony,irony
test:00002744,irony,irony
test:00002745,irony,irony
test:00002746,irony,irony
test:00002747,irony,sarcasm
test:00002748,irony,irony
test:00002749,irony,sarcasm
test:00002750,irony,irony
test:00002751,irony,irony
test:00002752,irony,irony
test:00002753,irony,sarcasm
test:00002754,irony,irony
test:00002755,irony,irony
test:00002756,irony,sarcasm
test:00002757,irony,irony
test:00002758,irony,sarcasm
test:00002759,irony,irony
test:00002760,irony,irony
test:00002761,irony,irony
test:00002762,irony,sarcasm
test:00002763,irony,irony
test:00002764,irony,irony
test:00002765,irony,irony
test:00002766,irony,irony
test:00002767,irony,irony
test:00002768,irony,irony
test:00002769,irony,irony
test:00002770,irony,irony
test:00002771,irony,sarcasm
test:00002772,irony,irony
test:00002773,irony,irony
test:00002774,irony,sarcasm
test:00002775,irony,irony
test:00002776,irony,irony
test:00002777,irony,irony
test:00002778,irony,sarcasm
test:00002779,irony,irony
test:00002780,irony,regular
test:00002781,irony,sarcasm
test:00002782,irony,irony
test:00002783,irony,irony
test:00002784,irony,irony
test:00002785,irony,irony
test:00002786,irony,irony
test:00002787,irony,irony
test:00002788,irony,irony
test:00002789,irony,regular
test:00002790,irony,irony
test:00002791,irony,irony
test:00002792,irony,sarcasm
test:00002793,irony,irony
test:00002794,irony,irony
test:00002795,irony,irony
test:00002796,irony,irony
test:00002797,irony,irony
test:00002798,irony,sarcasm
test:00002799,irony,irony
test:00002800,irony,irony
test:00002801,irony,irony
test:00002802,irony,sarcasm
test:00002803,irony,irony
test:00002804,irony,irony
test:00002805,irony,sarcasm
test:00002806,irony,irony
test:00002807,irony,sarcasm
test:00002808,irony,irony
test:00002809,irony,irony
test:00002810,irony,regular
test:00002811,irony,irony
test:00002812,irony,irony
test:00002813,irony,irony
test:00002814,irony,irony
test:00002815,irony,irony
test:00002816,irony,sarcasm
test:00002817,irony,irony
test:00002818,irony,irony
test:00002819,irony,irony
test:00002820,irony,irony
test:00002821,irony,irony
test:00002822,irony,irony
test:00002823,irony,sarcasm
test:00002824,irony,irony
test:00002825,irony,irony
test:00002826,irony,sarcasm
test:00002827,irony,sarcasm
test:00002828,irony,sarcasm
test:00002829,irony,irony
test:00002830,irony,irony
test:00002831,irony,irony
test:00002832,irony,sarcasm
test:00002833,irony,sarcasm
test:00002834,irony,irony
test:00002835,irony,irony
test:00002836,irony,irony
test:00002837,irony,irony
test:00002838,irony,sarcasm
test:00002839,irony,irony
test:00002840,irony,irony
test:00002841,irony,irony
test:00002842,irony,irony
test:00002843,irony,irony
test:00002844,irony,irony
test:00002845,irony,irony
test:00002846,irony,irony
test:00002847,irony,irony
test:00002848,irony,sarcasm
test:00002849,irony,irony
test:00002850,irony,irony
test:00002851,irony,sarcasm
test:00002852,irony,irony
test:00002853,irony,irony
test:00002854,irony,irony
test:00002855,irony,irony
test:00002856,irony,irony
test:00002857,irony,irony
test:00002858,irony,irony
test:00002859,irony,irony
test:00002860,irony,irony
test:00002861,irony,irony
test:00002862,irony,irony
test:00002863,irony,irony
test:00002864,irony,irony
test:00002865,irony,irony
test:00002866,irony,irony
test:00002867,irony,sarcasm
test:00002868,irony,irony
test:00002869,irony,sarcasm
test:00002870,irony,irony
test:00002871,irony,irony
test:00002872,irony,irony
test:00002873,irony,irony
test:00002874,irony,irony
test:00002875,irony,irony
test:00002876,irony,sarcasm
test:00002877,irony,irony
test:00002878,irony,irony
test:00002879,irony,irony
test:00002880,irony,irony
test:00002881,irony,sarcasm
test:00002882,irony,irony
test:00002883,irony,irony
test:00002884,irony,irony
test:00002885,irony,irony
test:00002886,irony,sarcasm
test:00002887,irony,irony
test:00002888,irony,sarcasm
test:00002889,irony,irony
test:00002890,irony,irony
test:00002891,irony,irony
test:00002892,irony,sarcasm
test:00002893,irony,irony
test:00002894,irony,irony
test:00002895,irony,sarcasm
test:00002896,irony,irony
test:00002897,irony,irony
test:00002898,irony,irony
test:00002899,irony,irony
test:00002900,irony,irony
test:00002901,irony,irony
test:00002902,irony,sarcasm
test:00002903,irony,irony
test:00002904,irony,irony
test:00002905,irony,irony
test:00002906,irony,irony
test:00002907,irony,irony
test:00002908,irony,sarcasm
test:00002909,irony,irony
test:00002910,irony,sarcasm
test:00002911,irony,irony
test:00002912,irony,irony
test:00002913,irony,irony
test:00002914,irony,irony
test:00002915,irony,irony
test:00002916,irony,irony
test:00002917,irony,sarcasm
test:00002918,irony,irony
test:00002919,irony,irony
test:00002920,irony,irony
test:00002921,irony,irony
test:00002922,irony,irony
test:00002923,irony,sarcasm
test:00002924,irony,irony
test:00002925,irony,irony
test:00002926,irony,sarcasm
test:00002927,irony,irony
test:00002928,irony,irony
test:00002929,irony,sarcasm
test:00002930,irony,sarcasm
test:00002931,irony,irony
test:00002932,irony,irony
test:00002933,irony,irony
test:00002934,irony,irony
test:00002935,irony,irony
test:00002936,irony,irony
test:00002937,irony,irony
test:00002938,irony,irony
test:00002939,irony,irony
test:00002940,irony,irony
test:00002941,irony,irony
test:00002942,irony,irony
test:00002943,irony,irony
test:00002944,irony,irony
test:00002945,irony,sarcasm
test:00002946,irony,irony
test:00002947,irony,irony
test:00002948,irony,irony
test:00002949,irony,irony
test:00002950,irony,irony
test:00002951,irony,irony
test:00002952,irony,irony
test:00002953,irony,irony
test:00002954,irony,irony
test:00002955,irony,irony
test:00002956,irony,irony
test:00002957,irony,irony
test:00002958,irony,irony
test:00002959,irony,irony
test:00002960,irony,irony
test:00002961,irony,sarcasm
test:00002962,irony,irony
test:00002963,irony,sarcasm
test:00002964,irony,irony
test:00002965,irony,irony
test:00002966,irony,irony
test:00002967,irony,irony
test:00002968,irony,irony
test:00002969,irony,irony
test:00002970,irony,sarcasm
test:00002971,irony,sarcasm
test:00002972,irony,irony
test:00002973,irony,irony
test:00002974,irony,sarcasm
test:00002975,irony,irony
test:00002976,irony,sarcasm
test:00002977,irony,sarcasm
test:00002978,irony,sarcasm
test:00002979,irony,irony
test:00002980,irony,sarcasm
test:00002981,irony,sarcasm
test:00002982,irony,irony
test:00002983,irony,sarcasm
test:00002984,irony,irony
test:00002985,irony,irony
test:00002986,irony,sarcasm
test:00002987,irony,irony
test:00002988,irony,irony
test:00002989,irony,irony
test:00002990,irony,irony
test:00002991,irony,irony
test:00002992,irony,sarcasm
test:00002993,irony,irony
test:00002994,irony,irony
test:00002995,irony,irony
test:00002996,irony,irony
test:00002997,irony,irony
test:00002998,irony,irony
test:00002999,irony,irony
test:00003000,irony,irony
test:00003001,irony,sarcasm
test:00003002,irony,irony
test:00003003,irony,irony
test:00003004,irony,irony
test:00003005,irony,irony
test:00003006,irony,irony
test:00003007,irony,irony
test:00003008,irony,irony
test:00003009,irony,irony
test:00003010,irony,sarcasm
test:00003011,irony,irony
test:00003012,irony,irony
test:00003013,irony,irony
test:00003014,irony,sarcasm
test:00003015,irony,sarcasm
test:00003016,irony,irony
test:00003017,irony,irony
test:00003018,irony,irony
test:00003019,irony,irony
test:00003020,irony,irony
test:00003021,irony,sarcasm
test:00003022,irony,irony
test:00003023,irony,sarcasm
test:00003024,irony,irony
test:00003025,irony,irony
test:00003026,irony,irony
test:00003027,irony,irony
test:00003028,irony,irony
test:00003029,irony,irony
test:00003030,irony,sarcasm
test:00003031,irony,irony
test:00003032,irony,irony
test:00003033,irony,irony
test:00003034,irony,sarcasm
test:00003035,irony,irony
test:00003036,irony,irony
test:00003037,irony,sarcasm
test:00003038,irony,irony
test:00003039,irony,irony
test:00003040,irony,irony
test:00003041,irony,sarcasm
test:00003042,irony,irony
test:00003043,irony,irony
test:00003044,irony,irony
test:00003045,irony,irony
test:00003046,irony,irony
test:00003047,irony,irony
test:00003048,irony,sarcasm
test:00003049,irony,irony
test:00003050,irony,irony
test:00003051,irony,sarcasm
test:00003052,irony,irony
test:00003053,irony,irony
test:00003054,irony,irony
test:00003055,irony,irony
test:00003056,irony,sarcasm
test:00003057,irony,irony
test:00003058,irony,irony
test:00003059,irony,sarcasm
test:00003060,irony,irony
test:00003061,irony,irony
test:00003062,irony,irony
test:00003063,irony,irony
test:00003064,irony,sarcasm
test:00003065,irony,sarcasm
test:00003066,irony,sarcasm
test:00003067,irony,irony
test:00003068,irony,sarcasm
test:00003069,irony,irony
test:00003070,irony,irony
test:00003071,irony,sarcasm
test:00003072,irony,irony
test:00003073,irony,irony
test:00003074,irony,irony
test:00003075,irony,sarcasm
test:00003076,irony,sarcasm
test:00003077,irony,irony
test:00003078,irony,irony
test:00003079,irony,irony
test:00003080,irony,sarcasm
test:00003081,irony,irony
test:00003082,irony,irony
test:00003083,irony,irony
test:00003084,irony,irony
test:00003085,irony,irony
test:00003086,irony,irony
test:00003087,irony,sarcasm
test:00003088,irony,irony
test:00003089,irony,irony
test:00003090,irony,irony
test:00003091,irony,sarcasm
test:00003092,irony,irony
test:00003093,irony,sarcasm
test:00003094,irony,irony
test:00003095,irony,irony
test:00003096,irony,sarcasm
test:00003097,irony,irony
test:00003098,irony,irony
test:00003099,irony,irony
test:00003100,irony,irony
test:00003101,irony,sarcasm
test:00003102,irony,irony
test:00003103,irony,irony
test:00003104,irony,irony
test:00003105,irony,regular
test:00003106,irony,irony
test:00003107,irony,irony
test:00003108,irony,sarcasm
test:00003109,irony,irony
test:00003110,irony,sarcasm
test:00003111,irony,irony
test:00003112,irony,regular
test:00003113,irony,irony
test:00003114,irony,irony
test:00003115,irony,irony
test:00003116,irony,irony
test:00003117,irony,irony
test:00003118,irony,irony
test:00003119,irony,irony
test:00003120,irony,irony
test:00003121,irony,irony
test:00003122,irony,irony
test:00003123,irony,irony
test:00003124,irony,irony
test:00003125,irony,irony
test:00003126,irony,irony
test:00003127,irony,irony
test:00003128,irony,irony
test:00003129,irony,sarcasm
test:00003130,irony,irony
test:00003131,irony,sarcasm
test:00003132,irony,irony
test:00003133,irony,sarcasm
test:00003134,irony,irony
test:00003135,irony,irony
test:00003136,irony,irony
test:00003137,irony,irony
test:00003138,irony,sarcasm
test:00003139,irony,irony
test:00003140,irony,irony
test:00003141,irony,irony
test:00003142,irony,sarcasm
test:00003143,irony,irony
test:00003144,irony,irony
test:00003145,irony,irony
test:00003146,irony,irony
test:00003147,irony,irony
test:00003148,irony,irony
test:00003149,irony,irony
test:00003150,irony,irony
test:00003151,irony,irony
test:00003152,irony,irony
test:00003153,irony,irony
test:00003154,irony,irony
test:00003155,irony,sarcasm
test:00003156,irony,irony
test:00003157,irony,sarcasm
test:00003158,irony,irony
test:00003159,irony,irony
test:00003160,irony,irony
test:00003161,irony,sarcasm
test:00003162,irony,irony
test:00003163,irony,irony
test:00003164,irony,irony
test:00003165,irony,irony
test:00003166,irony,sarcasm
test:00003167,irony,irony
test:00003168,irony,irony
test:00003169,irony,irony
test:00003170,irony,sarcasm
test:00003171,irony,sarcasm
test:00003172,irony,irony
test:00003173,irony,irony
test:00003174,irony,irony
test:00003175,irony,irony
test:00003176,irony,irony
test:00003177,irony,irony
test:00003178,irony,irony
test:00003179,irony,irony
test:00003180,irony,irony
test:00003181,irony,irony
test:00003182,irony,sarcasm
test:00003183,irony,sarcasm
test:00003184,irony,irony
test:00003185,irony,irony
test:00003186,irony,sarcasm
test:00003187,irony,irony
test:00003188,irony,sarcasm
test:00003189,irony,irony
test:00003190,irony,irony
test:00003191,irony,irony
test:00003192,irony,irony
test:00003193,irony,regular
test:00003194,irony,regular
test:00003195,irony,irony
test:00003196,irony,irony
test:00003197,irony,sarcasm
test:00003198,irony,sarcasm
test:00003199,irony,irony
test:00003200,irony,irony
test:00003201,irony,irony
test:00003202,irony,irony
test:00003203,irony,irony
test:00003204,irony,irony
test:00003205,irony,irony
test:00003206,irony,irony
test:00003207,irony,sarcasm
test:00003208,irony,sarcasm
test:00003209,irony,sarcasm
test:00003210,irony,sarcasm
test:00003211,irony,irony
test:00003212,irony,irony
test:00003213,irony,irony
test:00003214,irony,irony
test:00003215,irony,sarcasm
test:00003216,irony,irony
test:00003217,irony,irony
test:00003218,irony,irony
test:00003219,irony,sarcasm
test:00003220,irony,irony
test:00003221,irony,irony
test:00003222,irony,irony
test:00003223,irony,irony
test:00003224,irony,irony
test:00003225,irony,sarcasm
test:00003226,irony,irony
test:00003227,irony,sarcasm
test:00003228,irony,irony
test:00003229,irony,irony
test:00003230,irony,sarcasm
test:00003231,irony,irony
test:00003232,irony,irony
test:00003233,irony,irony
test:00003234,irony,irony
test:00003235,irony,sarcasm
test:00003236,irony,irony
test:00003237,irony,sarcasm
test:00003238,irony,sarcasm
test:00003239,irony,sarcasm
test:00003240,irony,irony
test:00003241,irony,irony
test:00003242,irony,sarcasm
test:00003243,irony,sarcasm
test:00003244,irony,irony
test:00003245,irony,irony
test:00003246,irony,sarcasm
test:00003247,irony,irony
test:00003248,irony,irony
test:00003249,irony,irony
test:00003250,irony,irony
test:00003251,irony,irony
test:00003252,irony,irony
test:00003253,irony,sarcasm
test:00003254,irony,irony
test:00003255,irony,irony
test:00003256,irony,irony
test:00003257,irony,irony
test:00003258,irony,irony
test:00003259,irony,irony
test:00003260,irony,sarcasm
test:00003261,irony,sarcasm
test:00003262,irony,irony
test:00003263,irony,irony
test:00003264,irony,sarcasm
test:00003265,irony,irony
test:00003266,irony,irony
test:00003267,irony,irony
test:00003268,irony,irony
test:00003269,irony,irony
test:00003270,irony,irony
test:00003271,irony,irony
test:00003272,irony,irony
test:00003273,irony,irony
test:00003274,irony,irony
test:00003275,irony,sarcasm
test:00003276,irony,irony
test:00003277,irony,irony
test:00003278,irony,irony
test:00003279,irony,irony
test:00003280,irony,irony
test:00003281,irony,irony
test:00003282,irony,irony
test:00003283,irony,irony
test:00003284,irony,sarcasm
test:00003285,irony,sarcasm
test:00003286,irony,irony
test:00003287,irony,irony
test:00003288,irony,sarcasm
test:00003289,irony,irony
test:00003290,irony,irony
test:00003291,irony,irony
test:00003292,irony,sarcasm
test:00003293,irony,irony
test:00003294,irony,irony
test:00003295,irony,irony
test:00003296,irony,irony
test:00003297,irony,irony
test:00003298,irony,sarcasm
test:00003299,irony,irony
test:00003300,irony,irony
test:00003301,irony,sarcasm
test:00003302,irony,irony
test:00003303,irony,irony
test:00003304,irony,irony
test:00003305,irony,irony
test:00003306,irony,irony
test:00003307,irony,sarcasm
test:00003308,irony,irony
test:00003309,irony,irony
test:00003310,irony,irony
test:00003311,irony,sarcasm
test:00003312,irony,sarcasm
test:00003313,irony,irony
test:00003314,irony,irony
test:00003315,irony,regular
test:00003316,irony,irony
test:00003317,irony,irony
test:00003318,irony,irony
test:00003319,irony,sarcasm
test:00003320,irony,irony
test:00003321,irony,irony
test:00003322,irony,irony
test:00003323,irony,sarcasm
test:00003324,irony,irony
test:00003325,irony,irony
test:00003326,irony,sarcasm
test:00003327,irony,irony
test:00003328,irony,sarcasm
test:00003329,irony,irony
test:00003330,irony,irony
test:00003331,irony,sarcasm
test:00003332,irony,irony
test:00003333,irony,irony
test:00003334,irony,irony
test:00003335,irony,irony
test:00003336,irony,sarcasm
test:00003337,irony,irony
test:00003338,irony,irony
test:00003339,irony,irony
test:00003340,irony,irony
test:00003341,irony,irony
test:00003342,irony,sarcasm
test:00003343,irony,sarcasm
test:00003344,irony,irony
test:00003345,irony,irony
test:00003346,irony,sarcasm
test:00003347,irony,sarcasm
test:00003348,irony,irony
test:00003349,irony,irony
test:00003350,irony,irony
test:00003351,irony,irony
test:00003352,irony,irony
test:00003353,irony,irony
test:00003354,irony,irony
test:00003355,irony,irony
test:00003356,irony,irony
test:00003357,irony,sarcasm
test:00003358,irony,irony
test:00003359,irony,irony
test:00003360,irony,sarcasm
test:00003361,irony,irony
test:00003362,irony,sarcasm
test:00003363,irony,irony
test:00003364,irony,irony
test:00003365,irony,irony
test:00003366,irony,irony
test:00003367,irony,irony
test:00003368,irony,irony
test:00003369,irony,irony
test:00003370,irony,irony
test:00003371,irony,irony
test:00003372,irony,irony
test:00003373,irony,sarcasm
test:00003374,irony,irony
test:00003375,irony,irony
test:00003376,irony,irony
test:00003377,irony,irony
test:00003378,irony,irony
test:00003379,irony,sarcasm
test:00003380,irony,irony
test:00003381,irony,irony
test:00003382,irony,irony
test:00003384,irony,irony
test:00003385,irony,irony
test:00003386,irony,irony
test:00003387,irony,sarcasm
test:00003388,irony,irony
test:00003389,irony,irony
test:00003390,irony,irony
test:00003391,irony,irony
test:00003392,irony,irony
test:00003393,irony,irony
test:00003394,irony,irony
test:00003395,irony,irony
test:00003396,irony,irony
test:00003397,irony,irony
test:00003398,irony,irony
test:00003399,irony,irony
test:00003400,irony,irony
test:00003401,irony,irony
test:00003402,irony,irony
test:00003403,irony,irony
test:00003404,irony,sarcasm
test:00003405,irony,irony
test:00003406,irony,irony
test:00003407,irony,irony
test:00003408,irony,irony
test:00003409,irony,sarcasm
test:00003410,irony,sarcasm
test:00003411,irony,irony
test:00003412,irony,irony
test:00003413,irony,irony
test:00003414,irony,sarcasm
test:00003415,irony,sarcasm
test:00003416,irony,irony
test:00003417,irony,sarcasm
test:00003418,irony,irony
test:00003419,irony,irony
test:00003420,irony,irony
test:00003421,irony,irony
test:00003422,irony,sarcasm
test:00003423,irony,irony
test:00003424,irony,irony
test:00003425,irony,irony
test:00003426,irony,irony
test:00003427,irony,sarcasm
test:00003428,irony,irony
test:00003429,irony,irony
test:00003430,irony,regular
test:00003431,irony,irony
test:00003432,irony,irony
test:00003433,irony,irony
test:00003434,irony,irony
test:00003435,irony,irony
test:00003436,irony,irony
test:00003437,irony,irony
test:00003438,irony,sarcasm
test:00003439,irony,sarcasm
test:00003440,irony,sarcasm
test:00003441,irony,irony
test:00003442,irony,sarcasm
test:00003443,irony,irony
test:00003444,irony,irony
test:00003445,irony,irony
test:00003446,irony,irony
test:00003447,irony,sarcasm
test:00003448,irony,irony
test:00003449,irony,irony
test:00003450,irony,irony
test:00003451,irony,irony
test:00003452,irony,irony
test:00003453,irony,sarcasm
test:00003454,irony,irony
test:00003455,irony,irony
test:00003456,irony,irony
test:00003457,irony,regular
test:00003458,irony,irony
test:00003459,irony,sarcasm
test:00003460,irony,irony
test:00003461,irony,irony
test:00003462,irony,irony
test:00003463,irony,sarcasm
test:00003464,irony,irony
test:00003465,irony,irony
test:00003466,irony,sarcasm
test:00003467,irony,irony
test:00003468,irony,irony
test:00003469,irony,irony
test:00003470,irony,irony
test:00003471,irony,irony
test:00003472,irony,irony
test:00003473,irony,irony
test:00003474,irony,irony
test:00003475,irony,irony
test:00003476,irony,irony
test:00003477,irony,irony
test:00003478,irony,sarcasm
test:00003479,irony,sarcasm
test:00003480,irony,irony
test:00003481,irony,irony
test:00003482,irony,irony
test:00003483,irony,irony
test:00003484,irony,irony
test:00003485,irony,regular
test:00003486,irony,irony
test:00003487,irony,irony
test:00003488,irony,irony
test:00003489,irony,irony
test:00003490,irony,sarcasm
test:00003491,irony,irony
test:00003492,irony,irony
test:00003493,irony,irony
test:00003494,irony,irony
test:00003495,irony,irony
test:00003496,irony,irony
test:00003497,irony,sarcasm
test:00003498,irony,irony
test:00003499,irony,sarcasm
test:00003500,irony,irony
test:00003501,irony,irony
test:00003502,irony,irony
test:00003503,irony,irony
test:00003504,irony,irony
test:00003505,irony,irony
test:00003506,irony,sarcasm
test:00003507,irony,irony
test:00003508,irony,sarcasm
test:00003509,irony,irony
test:00003510,irony,irony
test:00003511,irony,irony
test:00003512,irony,irony
test:00003513,irony,irony
test:00003514,irony,irony
test:00003515,irony,irony
test:00003516,irony,irony
test:00003517,irony,irony
test:00003521,irony,sarcasm
test:00003522,irony,sarcasm
test:00003523,irony,irony
test:00003524,irony,irony
test:00003525,irony,irony
test:00003526,irony,irony
test:00003527,irony,sarcasm
test:00003528,irony,irony
test:00003529,irony,irony
test:00003530,irony,irony
test:00003531,irony,irony
test:00003532,irony,irony
test:00003533,irony,irony
test:00003534,irony,regular
test:00003535,irony,sarcasm
test:00003536,irony,irony
test:00003537,irony,irony
test:00003538,irony,regular
test:00003539,irony,irony
test:00003540,irony,irony
test:00003541,irony,irony
test:00003542,irony,irony
test:00003543,irony,irony
test:00003544,irony,irony
test:00003545,irony,irony
test:00003546,irony,irony
test:00003547,irony,irony
test:00003548,irony,irony
test:00003549,irony,irony
test:00003550,irony,irony
test:00003551,irony,irony
test:00003552,irony,sarcasm
test:00003553,irony,sarcasm
test:00003554,irony,irony
test:00003555,irony,irony
test:00003556,irony,irony
test:00003557,irony,irony
test:00003558,irony,irony
test:00003559,irony,irony
test:00003560,irony,sarcasm
test:00003561,irony,irony
test:00003562,irony,sarcasm
test:00003563,irony,irony
test:00003564,irony,irony
test:00003565,irony,irony
test:00003566,irony,irony
test:00003567,irony,irony
test:00003568,irony,irony
test:00003569,irony,irony
test:00003570,irony,irony
test:00003571,irony,irony
test:00003572,irony,irony
test:00003573,irony,irony
test:00003574,irony,irony
test:00003575,irony,irony
test:00003576,irony,sarcasm
test:00003577,irony,irony
test:00003578,irony,irony
test:00003579,irony,irony
test:00003580,irony,irony
test:00003581,irony,irony
test:00003582,irony,sarcasm
test:00003583,irony,irony
test:00003584,irony,irony
test:00003585,irony,irony
test:00003586,irony,irony
test:00003587,irony,sarcasm
test:00003588,irony,sarcasm
test:00003589,irony,irony
test:00003590,irony,irony
test:00003591,irony,sarcasm
test:00003592,irony,irony
test:00003593,irony,irony
test:00003594,irony,sarcasm
test:00003595,irony,regular
test:00003596,irony,sarcasm
test:00003597,irony,irony
test:00003598,irony,irony
test:00003599,irony,irony
test:00003600,irony,irony
test:00003601,irony,sarcasm
test:00003603,irony,sarcasm
test:00003605,irony,sarcasm
test:00003606,irony,irony
test:00003607,irony,sarcasm
test:00003608,irony,irony
test:00003609,irony,sarcasm
test:00003610,irony,irony
test:00003611,irony,irony
test:00003612,irony,irony
test:00003613,irony,irony
test:00003614,irony,sarcasm
test:00003615,irony,sarcasm
test:00003616,irony,irony
test:00003617,irony,irony
test:00003618,irony,irony
test:00003619,irony,irony
test:00003620,irony,irony
test:00003621,irony,irony
test:00003622,irony,irony
test:00003623,irony,irony
test:00003624,irony,irony
test:00003625,irony,sarcasm
test:00003626,irony,irony
test:00003627,irony,irony
test:00003628,irony,irony
test:00003629,irony,irony
test:00003630,irony,irony
test:00003631,irony,irony
test:00003632,irony,irony
test:00003633,irony,irony
test:00003634,irony,irony
test:00003635,irony,irony
test:00003636,irony,sarcasm
test:00003637,irony,irony
test:00003638,irony,irony
test:00003639,irony,irony
test:00003640,irony,irony
test:00003641,irony,irony
test:00003642,irony,sarcasm
test:00003643,irony,regular
test:00003644,irony,irony
test:00003645,irony,irony
test:00003646,irony,irony
test:00003647,irony,irony
test:00003648,irony,irony
test:00003649,irony,irony
test:00003650,irony,sarcasm
test:00003651,irony,irony
test:00003652,irony,irony
test:00003653,irony,irony
test:00003654,irony,irony
test:00003655,irony,irony
test:00003656,irony,irony
test:00003657,irony,sarcasm
test:00003658,irony,sarcasm
test:00003659,irony,irony
test:00003660,irony,irony
test:00003661,irony,irony
test:00003662,irony,irony
test:00003663,irony,irony
test:00003664,irony,irony
test:00003665,irony,sarcasm
test:00003666,irony,irony
test:00003667,irony,irony
test:00003668,irony,irony
test:00003669,irony,irony
test:00003670,irony,irony
test:00003671,irony,sarcasm
test:00003672,irony,irony
test:00003673,irony,irony
test:00003674,irony,irony
test:00003675,irony,irony
test:00003676,irony,irony
test:00003677,irony,irony
test:00003678,irony,irony
test:00003679,irony,irony
test:00003680,irony,irony
test:00003681,irony,irony
test:00003682,irony,irony
test:00003683,irony,irony
test:00003684,irony,sarcasm
test:00003685,irony,irony
test:00003686,irony,irony
test:00003687,irony,irony
test:00003688,irony,sarcasm
test:00003689,irony,irony
test:00003690,irony,irony
test:00003691,irony,irony
test:00003692,irony,irony
test:00003696,irony,irony
test:00003697,irony,regular
test:00003698,irony,irony
test:00003699,irony,irony
test:00003700,irony,irony
test:00003701,irony,irony
test:00003702,irony,irony
test:00003703,irony,irony
test:00003704,irony,irony
test:00003705,irony,irony
test:00003706,irony,irony
test:00003707,irony,irony
test:00003708,irony,irony
test:00003709,irony,sarcasm
test:00003710,irony,irony
test:00003711,irony,irony
test:00003712,irony,irony
test:00003713,irony,irony
test:00003714,irony,irony
test:00003715,irony,sarcasm
test:00003716,irony,irony
test:00003717,irony,sarcasm
test:00003718,irony,sarcasm
test:00003719,irony,irony
test:00003720,irony,irony
test:00003721,irony,irony
test:00003722,irony,sarcasm
test:00003723,irony,sarcasm
test:00003724,irony,irony
test:00003725,irony,sarcasm
test:00003726,irony,sarcasm
test:00003727,irony,irony
test:00003728,irony,irony
test:00003729,irony,regular
test:00003730,irony,irony
test:00003731,irony,irony
test:00003732,irony,sarcasm
test:00003733,irony,sarcasm
test:00003734,irony,irony
test:00003735,irony,irony
test:00003736,irony,sarcasm
test:00003737,irony,sarcasm
test:00003738,irony,irony
test:00003739,irony,irony
test:00003740,irony,irony
test:00003741,irony,sarcasm
test:00003742,irony,irony
test:00003743,irony,irony
test:00003744,irony,irony
test:00003745,irony,irony
test:00003746,irony,irony
test:00003747,irony,irony
test:00003748,irony,irony
test:00003749,irony,irony
test:00003750,irony,sarcasm
test:00003751,irony,irony
test:00003752,irony,regular
test:00003753,irony,irony
test:00003754,irony,irony
test:00003755,irony,sarcasm
test:00003756,irony,irony
test:00003757,irony,sarcasm
test:00003758,irony,irony
test:00003759,irony,irony
test:00003760,irony,irony
test:00003761,irony,irony
test:00003762,irony,sarcasm
test:00003763,irony,sarcasm
test:00003764,irony,irony
test:00003765,irony,irony
test:00003766,irony,irony
test:00003767,irony,irony
test:00003768,irony,irony
test:00003769,irony,irony
test:00003770,irony,irony
test:00003771,irony,irony
test:00003772,irony,irony
test:00003773,irony,irony
test:00003774,irony,irony
test:00003775,irony,sarcasm
test:00003776,irony,irony
test:00003777,irony,irony
test:00003778,irony,irony
test:00003779,irony,sarcasm
test:00003780,irony,irony
test:00003781,irony,irony
test:00003782,irony,irony
test:00003783,irony,irony
test:00003784,irony,irony
test:00003785,irony,irony
test:00003786,irony,irony
test:00003787,irony,irony
test:00003788,irony,irony
test:00003789,irony,irony
test:00003790,irony,sarcasm
test:00003791,irony,sarcasm
test:00003792,irony,irony
test:00003793,irony,irony
test:00003794,irony,irony
test:00003795,irony,irony
test:00003796,irony,irony
test:00003797,irony,sarcasm
test:00003798,irony,sarcasm
test:00003799,irony,irony
test:00003800,irony,irony
test:00003801,irony,sarcasm
test:00003802,irony,sarcasm
test:00003803,irony,irony
test:00003804,irony,irony
test:00003805,irony,sarcasm
test:00003806,irony,irony
test:00003807,irony,sarcasm
test:00003808,irony,sarcasm
test:00003809,irony,irony
test:00003810,irony,irony
test:00003811,irony,irony
test:00003812,irony,irony
test:00003813,irony,irony
test:00003814,irony,irony
test:00003815,irony,irony
test:00003816,irony,irony
test:00003817,irony,irony
test:00003818,irony,irony
test:00003819,irony,irony
test:00003820,irony,irony
test:00003821,irony,irony
test:00003822,irony,irony
test:00003823,irony,irony
test:00003824,irony,irony
test:00003825,irony,irony
test:00003826,irony,irony
test:00003827,irony,irony
test:00003828,irony,irony
test:00003829,irony,irony
test:00003830,irony,irony
test:00003831,irony,sarcasm
test:00003832,irony,irony
test:00003833,irony,irony
test:00003834,irony,irony
test:00003835,irony,irony
test:00003836,irony,irony
test:00003837,irony,irony
test:00003838,irony,irony
test:00003839,irony,sarcasm
test:00003840,irony,irony
test:00003841,irony,sarcasm
test:00003842,irony,irony
test:00003843,irony,irony
test:00003844,irony,irony
test:00003845,irony,irony
test:00003846,irony,irony
test:00003847,irony,irony
test:00003848,irony,irony
test:00003849,irony,sarcasm
test:00003850,irony,irony
test:00003851,irony,irony
test:00003852,irony,regular
test:00003853,irony,irony
test:00003854,irony,regular
test:00003855,irony,regular
test:00003856,irony,irony
test:00003857,irony,sarcasm
test:00003858,irony,irony
test:00003859,irony,irony
test:00003860,irony,irony
test:00003861,irony,irony
test:00003862,irony,irony
test:00003863,irony,irony
test:00003864,irony,sarcasm
test:00003865,irony,irony
test:00003866,irony,sarcasm
test:00003867,irony,irony
test:00003868,irony,regular
test:00003869,irony,irony
test:00003870,irony,irony
test:00003871,irony,regular
test:00003872,irony,sarcasm
test:00003873,irony,irony
test:00003874,irony,irony
test:00003875,irony,sarcasm
test:00003876,irony,irony
test:00003877,irony,irony
test:00003878,irony,irony
test:00003879,irony,irony
test:00003880,irony,irony
test:00003881,irony,irony
test:00003882,irony,sarcasm
test:00003883,irony,irony
test:00003884,irony,irony
test:00003885,irony,irony
test:00003886,irony,irony
test:00003887,irony,irony
test:00003888,irony,irony
test:00003889,irony,irony
test:00003890,irony,irony
test:00003891,irony,regular
test:00003892,irony,irony
test:00003893,irony,irony
test:00003894,irony,sarcasm
test:00003895,irony,irony
test:00003896,irony,irony
test:00003897,irony,sarcasm
test:00003898,irony,irony
test:00003899,irony,irony
test:00003900,irony,irony
test:00003901,irony,sarcasm
test:00003902,irony,irony
test:00003903,irony,sarcasm
test:00003904,irony,sarcasm
test:00003905,irony,sarcasm
test:00003906,irony,sarcasm
test:00003907,irony,sarcasm
test:00003908,irony,irony
test:00003909,irony,regular
test:00003910,irony,irony
test:00003911,irony,irony
test:00003912,irony,irony
test:00003913,irony,sarcasm
test:00003914,irony,irony
test:00003915,irony,irony
test:00003916,irony,sarcasm
test:00003917,irony,sarcasm
test:00003918,irony,irony
test:00003919,irony,regular
test:00003920,irony,irony
test:00003921,irony,irony
test:00003922,irony,irony
test:00003923,irony,irony
test:00003924,irony,sarcasm
test:00003925,irony,irony
test:00003926,irony,irony
test:00003927,irony,sarcasm
test:00003928,irony,irony
test:00003929,irony,irony
test:00003930,irony,irony
test:00003931,irony,irony
test:00003932,irony,irony
test:00003933,irony,irony
test:00003934,irony,irony
test:00003935,irony,irony
test:00003936,irony,irony
test:00003937,irony,irony
test:00003938,irony,irony
test:00003939,irony,irony
test:00003940,irony,irony
test:00003941,irony,sarcasm
test:00003942,irony,sarcasm
test:00003943,irony,sarcasm
test:00003944,irony,irony
test:00003945,irony,irony
test:00003946,irony,irony
test:00003947,irony,sarcasm
test:00003948,irony,irony
test:00003949,irony,irony
test:00003950,irony,irony
test:00003951,irony,irony
test:00003952,irony,sarcasm
test:00003953,irony,irony
test:00003954,irony,irony
test:00003955,irony,irony
test:00003956,irony,irony
test:00003957,irony,irony
test:00003958,irony,irony
test:00003959,irony,sarcasm
test:00003960,irony,irony
test:00003961,irony,irony
test:00003962,irony,sarcasm
test:00003963,irony,irony
test:00003964,irony,irony
test:00003965,irony,sarcasm
test:00003966,irony,irony
test:00003967,irony,irony
test:00003968,irony,sarcasm
test:00003969,irony,sarcasm
test:00003970,irony,irony
test:00003971,irony,irony
test:00003972,irony,sarcasm
test:00003973,irony,sarcasm
test:00003974,irony,irony
test:00003975,irony,irony
test:00003976,irony,irony
test:00003977,irony,irony
test:00003978,irony,sarcasm
test:00003979,irony,irony
test:00003980,irony,irony
test:00003981,irony,irony
test:00003982,irony,sarcasm
test:00003983,irony,irony
test:00003984,irony,irony
test:00003985,irony,irony
test:00003986,irony,sarcasm
test:00003987,irony,irony
test:00003988,irony,regular
test:00003989,irony,irony
test:00003990,irony,irony
test:00003991,irony,irony
test:00003992,irony,irony
test:00003993,irony,sarcasm
test:00003994,irony,irony
test:00003995,irony,irony
test:00003996,irony,irony
test:00003997,irony,sarcasm
test:00003998,irony,irony
test:00003999,irony,irony
test:00004000,irony,irony
test:00004001,irony,irony
test:00004002,irony,irony
test:00004003,irony,sarcasm
test:00004004,irony,sarcasm
test:00004005,irony,irony
test:00004006,irony,irony
test:00004007,irony,irony
test:00004008,irony,irony
test:00004009,irony,sarcasm
test:00004010,irony,irony
test:00004011,irony,irony
test:00004012,irony,irony
test:00004013,irony,irony
test:00004014,irony,irony
test:00004015,irony,irony
test:00004016,irony,irony
test:00004017,irony,sarcasm
test:00004018,irony,irony
test:00004019,irony,irony
test:00004020,irony,irony
test:00004021,irony,irony
test:00004022,irony,irony
test:00004023,irony,irony
test:00004024,irony,irony
test:00004025,irony,irony
test:00004026,irony,irony
test:00004027,irony,irony
test:00004028,irony,irony
test:00004029,irony,irony
test:00004030,irony,sarcasm
test:00004031,irony,irony
test:00004032,irony,irony
test:00004033,irony,irony
test:00004034,irony,irony
test:00004035,irony,sarcasm
test:00004036,irony,irony
test:00004037,irony,irony
test:00004038,irony,irony
test:00004039,irony,irony
test:00004040,irony,irony
test:00004041,irony,irony
test:00004042,irony,irony
test:00004043,irony,irony
test:00004044,irony,irony
test:00004045,irony,irony
test:00004046,irony,irony
test:00004047,irony,irony
test:00004048,irony,irony
test:00004049,irony,irony
test:00004050,irony,irony
test:00004051,irony,irony
test:00004052,irony,sarcasm
test:00004053,irony,irony
test:00004054,irony,irony
test:00004055,irony,irony
test:00004057,irony,irony
test:00004058,irony,irony
test:00004059,irony,sarcasm
test:00004060,irony,irony
test:00004061,irony,irony
test:00004062,irony,irony
test:00004063,irony,irony
test:00004064,irony,irony
test:00004065,irony,sarcasm
test:00004066,irony,irony
test:00004067,irony,irony
test:00004068,irony,irony
test:00004069,irony,sarcasm
test:00004070,irony,irony
test:00004071,irony,irony
test:00004072,irony,irony
test:00004073,irony,irony
test:00004074,irony,irony
test:00004075,irony,irony
test:00004076,irony,sarcasm
test:00004077,irony,irony
test:00004078,irony,irony
test:00004079,irony,irony
test:00004080,irony,irony
test:00004081,irony,irony
test:00004082,irony,irony
test:00004083,irony,irony
test:00004084,irony,irony
test:00004085,irony,irony
test:00004086,irony,irony
test:00004087,irony,irony
test:00004088,irony,irony
test:00004089,irony,sarcasm
test:00004090,irony,irony
test:00004091,irony,irony
test:00004092,irony,sarcasm
test:00004093,irony,irony
test:00004094,irony,irony
test:00004095,irony,sarcasm
test:00004096,irony,irony
test:00004097,irony,regular
test:00004098,irony,irony
test:00004099,irony,sarcasm
test:00004100,irony,sarcasm
test:00004101,irony,irony
test:00004102,irony,irony
test:00004104,irony,irony
test:00004105,irony,irony
test:00004106,irony,irony
test:00004107,irony,irony
test:00004108,irony,sarcasm
test:00004109,irony,sarcasm
test:00004110,irony,irony
test:00004111,irony,irony
test:00004112,irony,irony
test:00004113,irony,irony
test:00004114,irony,irony
test:00004115,irony,irony
test:00004116,irony,irony
test:00004117,irony,irony
test:00004118,irony,irony
test:00004119,irony,irony
test:00004120,irony,sarcasm
test:00004121,irony,irony
test:00004122,irony,sarcasm
test:00004123,irony,irony
test:00004124,irony,irony
test:00004125,irony,irony
test:00004126,irony,irony
test:00004127,irony,sarcasm
test:00004128,irony,sarcasm
test:00004129,irony,irony
test:00004130,irony,regular
test:00004131,irony,sarcasm
test:00004132,irony,sarcasm
test:00004134,irony,irony
test:00004135,irony,sarcasm
test:00004136,irony,irony
test:00004137,irony,sarcasm
test:00004138,irony,sarcasm
test:00004139,irony,irony
test:00004140,irony,sarcasm
test:00004141,irony,sarcasm
test:00004143,irony,irony
test:00004144,irony,irony
test:00004145,irony,irony
test:00004146,irony,sarcasm
test:00004147,irony,irony
test:00004148,irony,irony
test:00004149,irony,irony
test:00004150,irony,irony
test:00004151,irony,irony
test:00004152,irony,irony
test:00004153,irony,irony
test:00004155,irony,irony
test:00004156,irony,sarcasm
test:00004157,irony,irony
test:00004158,irony,irony
test:00004159,irony,irony
test:00004160,irony,irony
test:00004161,irony,sarcasm
test:00004162,irony,irony
test:00004163,regular,regular
test:00004164,regular,regular
test:00004165,regular,regular
test:00004166,regular,regular
test:00004167,regular,regular
test:00004168,regular,regular
test:00004169,regular,regular
test:00004170,regular,regular
test:00004171,regular,regular
test:00004172,regular,regular
test:00004173,regular,regular
test:00004174,regular,regular
test:00004175,regular,regular
test:00004176,regular,regular
test:00004177,regular,regular
test:00004178,regular,regular
test:00004179,regular,regular
test:00004180,regular,regular
test:00004181,regular,regular
test:00004182,regular,regular
test:00004183,regular,regular
test:00004184,regular,regular
test:00004185,regular,regular
test:00004186,regular,regular
test:00004187,regular,regular
test:00004188,regular,regular
test:00004189,regular,regular
test:00004190,regular,regular
test:00004191,regular,regular
test:00004192,regular,regular
test:00004193,regular,regular
test:00004194,regular,regular
test:00004195,regular,regular
test:00004196,regular,regular
test:00004197,regular,regular
test:00004198,regular,regular
test:00004199,regular,regular
test:00004200,regular,regular
test:00004201,regular,regular
test:00004202,regular,regular
test:00004203,regular,regular
test:00004204,regular,regular
test:00004205,regular,regular
test:00004206,regular,regular
test:00004207,regular,regular
test:00004208,regular,regular
test:00004209,regular,regular
test:00004210,regular,regular
test:00004211,regular,regular
test:00004212,regular,regular
test:00004213,regular,regular
test:00004214,regular,regular
test:00004215,regular,regular
test:00004216,regular,regular
test:00004217,regular,regular
test:00004218,regular,regular
test:00004219,regular,regular
test:00004220,regular,regular
test:00004221,regular,regular
test:00004222,regular,regular
test:00004224,regular,regular
test:00004225,regular,regular
test:00004226,regular,regular
test:00004227,regular,regular
test:00004228,regular,regular
test:00004229,regular,regular
test:00004230,regular,regular
test:00004232,regular,regular
test:00004233,regular,regular
test:00004235,regular,regular
test:00004236,regular,regular
test:00004237,regular,regular
test:00004238,regular,regular
test:00004239,regular,regular
test:00004240,regular,regular
test:00004241,regular,regular
test:00004245,regular,regular
test:00004246,regular,regular
test:00004247,regular,regular
test:00004248,regular,regular
test:00004250,regular,regular
test:00004251,regular,regular
test:00004252,regular,regular
test:00004253,regular,regular
test:00004254,regular,regular
test:00004255,regular,regular
test:00004256,regular,regular
test:00004257,regular,sarcasm
test:00004258,regular,regular
test:00004259,regular,regular
test:00004260,regular,regular
test:00004261,regular,regular
test:00004262,regular,regular
test:00004263,regular,regular
test:00004264,regular,regular
test:00004266,regular,regular
test:00004267,regular,regular
test:00004268,regular,regular
test:00004269,regular,regular
test:00004270,regular,regular
test:00004271,regular,regular
test:00004273,regular,regular
test:00004274,regular,regular
test:00004276,regular,regular
test:00004277,regular,regular
test:00004278,regular,regular
test:00004279,regular,regular
test:00004281,regular,regular
test:00004282,regular,regular
test:00004283,regular,regular
test:00004284,regular,regular
test:00004285,regular,regular
test:00004286,regular,regular
test:00004287,regular,regular
test:00004288,regular,regular
test:00004289,regular,regular
test:00004290,regular,regular
test:00004291,regular,regular
test:00004293,regular,regular
test:00004294,regular,regular
test:00004295,regular,regular
test:00004296,regular,regular
test:00004297,regular,regular
test:00004298,regular,regular
test:00004299,regular,regular
test:00004300,regular,regular
test:00004301,regular,regular
test:00004302,regular,regular
test:00004303,regular,regular
test:00004304,regular,regular
test:00004305,regular,regular
test:00004306,regular,regular
test:00004307,regular,regular
test:00004308,regular,regular
test:00004310,regular,irony
test:00004311,regular,regular
test:00004312,regular,regular
test:00004313,regular,regular
test:00004314,regular,regular
test:00004315,regular,regular
test:00004316,regular,regular
test:00004317,regular,regular
test:00004318,regular,regular
test:00004319,regular,regular
test:00004320,regular,regular
test:00004321,regular,regular
test:00004322,regular,regular
test:00004323,regular,regular
test:00004324,regular,regular
test:00004325,regular,regular
test:00004326,regular,regular
test:00004328,regular,regular
test:00004329,regular,regular
test:00004330,regular,regular
test:00004331,regular,regular
test:00004332,regular,regular
test:00004333,regular,regular
test:00004334,regular,regular
test:00004335,regular,regular
test:00004336,regular,regular
test:00004337,regular,regular
test:00004338,regular,regular
test:00004339,regular,regular
test:00004340,regular,regular
test:00004341,regular,regular
test:00004342,regular,regular
test:00004343,regular,regular
test:00004344,regular,regular
test:00004345,regular,regular
test:00004346,regular,regular
test:00004347,regular,regular
test:00004348,regular,regular
test:00004349,regular,regular
test:00004350,regular,regular
test:00004351,regular,regular
test:00004352,regular,regular
test:00004354,regular,regular
test:00004355,regular,regular
test:00004356,regular,regular
test:00004357,regular,regular
test:00004358,regular,regular
test:00004359,regular,regular
test:00004360,regular,regular
test:00004361,regular,regular
test:00004362,regular,regular
test:00004363,regular,regular
test:00004364,regular,regular
test:00004365,regular,regular
test:00004366,regular,regular
test:00004367,regular,regular
test:00004368,regular,regular
test:00004369,regular,regular
test:00004370,regular,regular
test:00004371,regular,regular
test:00004372,regular,regular
test:00004373,regular,regular
test:00004374,regular,regular
test:00004375,regular,regular
test:00004376,regular,regular
test:00004377,regular,regular
test:00004379,regular,regular
test:00004381,regular,regular
test:00004382,regular,regular
test:00004383,regular,regular
test:00004384,regular,regular
test:00004385,regular,regular
test:00004386,regular,regular
test:00004387,regular,irony
test:00004388,regular,regular
test:00004389,regular,regular
test:00004390,regular,regular
test:00004391,regular,regular
test:00004392,regular,regular
test:00004393,regular,regular
test:00004394,regular,regular
test:00004395,regular,regular
test:00004396,regular,regular
test:00004397,regular,regular
test:00004398,regular,regular
test:00004399,regular,regular
test:00004401,regular,regular
test:00004402,regular,regular
test:00004403,regular,regular
test:00004404,regular,regular
test:00004405,regular,regular
test:00004406,regular,regular
test:00004407,regular,regular
test:00004408,regular,regular
test:00004409,regular,regular
test:00004410,regular,regular
test:00004411,regular,regular
test:00004412,regular,regular
test:00004413,regular,regular
test:00004414,regular,regular
test:00004415,regular,regular
test:00004416,regular,regular
test:00004417,regular,regular
test:00004418,regular,regular
test:00004419,regular,regular
test:00004420,regular,regular
test:00004421,regular,regular
test:00004422,regular,regular
test:00004423,regular,regular
test:00004424,regular,regular
test:00004425,regular,regular
test:00004426,regular,regular
test:00004428,regular,regular
test:00004429,regular,regular
test:00004431,regular,regular
test:00004432,regular,regular
test:00004433,regular,regular
test:00004434,regular,regular
test:00004435,regular,regular
test:00004436,regular,regular
test:00004437,regular,regular
test:00004438,regular,regular
test:00004439,regular,regular
test:00004440,regular,regular
test:00004441,regular,regular
test:00004442,regular,regular
test:00004443,regular,regular
test:00004444,regular,regular
test:00004445,regular,regular
test:00004446,regular,regular
test:00004447,regular,regular
test:00004448,regular,regular
test:00004449,regular,regular
test:00004450,regular,regular
test:00004451,regular,regular
test:00004452,regular,regular
test:00004453,regular,regular
test:00004454,regular,regular
test:00004455,regular,regular
test:00004456,regular,regular
test:00004457,regular,regular
test:00004458,regular,regular
test:00004459,regular,regular
test:00004460,regular,regular
test:00004461,regular,regular
test:00004462,regular,regular
test:00004463,regular,regular
test:00004464,regular,regular
test:00004465,regular,regular
test:00004466,regular,regular
test:00004467,regular,regular
test:00004468,regular,regular
test:00004469,regular,regular
test:00004470,regular,regular
test:00004471,regular,regular
test:00004472,regular,regular
test:00004473,regular,regular
test:00004474,regular,regular
test:00004475,regular,regular
test:00004476,regular,regular
test:00004477,regular,regular
test:00004478,regular,regular
test:00004479,regular,regular
test:00004480,regular,regular
test:00004482,regular,regular
test:00004483,regular,regular
test:00004484,regular,regular
test:00004485,regular,regular
test:00004486,regular,regular
test:00004487,regular,regular
test:00004488,regular,regular
test:00004489,regular,regular
test:00004490,regular,regular
test:00004491,regular,regular
test:00004492,regular,regular
test:00004493,regular,regular
test:00004494,regular,regular
test:00004495,regular,regular
test:00004496,regular,regular
test:00004497,regular,regular
test:00004499,regular,regular
test:00004500,regular,regular
test:00004501,regular,regular
test:00004502,regular,regular
test:00004503,regular,regular
test:00004504,regular,regular
test:00004505,regular,regular
test:00004506,regular,regular
test:00004507,regular,regular
test:00004508,regular,regular
test:00004509,regular,regular
test:00004510,regular,regular
test:00004511,regular,regular
test:00004512,regular,regular
test:00004513,regular,regular
test:00004514,regular,regular
test:00004515,regular,regular
test:00004516,regular,regular
test:00004517,regular,regular
test:00004518,regular,regular
test:00004519,regular,regular
test:00004520,regular,regular
test:00004521,regular,regular
test:00004522,regular,regular
test:00004523,regular,regular
test:00004524,regular,regular
test:00004525,regular,regular
test:00004526,regular,regular
test:00004527,regular,regular
test:00004528,regular,regular
test:00004529,regular,regular
test:00004530,regular,regular
test:00004531,regular,regular
test:00004532,regular,regular
test:00004533,regular,regular
test:00004534,regular,regular
test:00004535,regular,regular
test:00004536,regular,regular
test:00004537,regular,regular
test:00004538,regular,regular
test:00004539,regular,regular
test:00004540,regular,regular
test:00004541,regular,regular
test:00004542,regular,regular
test:00004543,regular,regular
test:00004544,regular,regular
test:00004545,regular,regular
test:00004546,regular,regular
test:00004547,regular,regular
test:00004548,regular,regular
test:00004549,regular,regular
test:00004550,regular,regular
test:00004551,regular,regular
test:00004552,regular,regular
test:00004553,regular,regular
test:00004554,regular,regular
test:00004555,regular,regular
test:00004556,regular,regular
test:00004557,regular,regular
test:00004559,regular,regular
test:00004560,regular,regular
test:00004561,regular,regular
test:00004562,regular,regular
test:00004563,regular,regular
test:00004564,regular,regular
test:00004565,regular,regular
test:00004566,regular,regular
test:00004567,regular,regular
test:00004568,regular,regular
test:00004569,regular,regular
test:00004570,regular,regular
test:00004571,regular,regular
test:00004572,regular,regular
test:00004575,regular,regular
test:00004576,regular,regular
test:00004577,regular,regular
test:00004578,regular,regular
test:00004579,regular,regular
test:00004581,regular,regular
test:00004582,regular,regular
test:00004584,regular,regular
test:00004585,regular,regular
test:00004586,regular,regular
test:00004588,regular,regular
test:00004589,regular,regular
test:00004591,regular,regular
test:00004592,regular,regular
test:00004593,regular,regular
test:00004594,regular,regular
test:00004595,regular,regular
test:00004596,regular,regular
test:00004597,regular,regular
test:00004599,regular,regular
test:00004600,regular,regular
test:00004601,regular,regular
test:00004602,regular,regular
test:00004603,regular,regular
test:00004604,regular,regular
test:00004605,regular,regular
test:00004606,regular,regular
test:00004607,regular,regular
test:00004608,regular,regular
test:00004609,regular,regular
test:00004610,regular,regular
test:00004611,regular,regular
test:00004612,regular,regular
test:00004613,regular,regular
test:00004614,regular,regular
test:00004615,regular,regular
test:00004616,regular,regular
test:00004617,regular,regular
test:00004618,regular,regular
test:00004619,regular,regular
test:00004620,regular,regular
test:00004621,regular,regular
test:00004622,regular,regular
test:00004623,regular,regular
test:00004624,regular,regular
test:00004625,regular,regular
test:00004626,regular,regular
test:00004627,regular,regular
test:00004628,regular,regular
test:00004629,regular,regular
test:00004630,regular,regular
test:00004631,regular,regular
test:00004632,regular,regular
test:00004633,regular,regular
test:00004634,regular,regular
test:00004635,regular,regular
test:00004636,regular,regular
test:00004638,regular,regular
test:00004639,regular,regular
test:00004641,regular,regular
test:00004642,regular,regular
test:00004643,regular,regular
test:00004644,regular,regular
test:00004645,regular,regular
test:00004647,regular,regular
test:00004648,regular,regular
test:00004649,regular,regular
test:00004650,regular,regular
test:00004651,regular,regular
test:00004652,regular,regular
test:00004653,regular,regular
test:00004654,regular,regular
test:00004655,regular,regular
test:00004657,regular,regular
test:00004658,regular,regular
test:00004659,regular,regular
test:00004660,regular,regular
test:00004661,regular,regular
test:00004662,regular,regular
test:00004663,regular,regular
test:00004664,regular,regular
test:00004665,regular,regular
test:00004666,regular,regular
test:00004667,regular,regular
test:00004668,regular,regular
test:00004669,regular,regular
test:00004670,regular,regular
test:00004671,regular,regular
test:00004672,regular,regular
test:00004673,regular,regular
test:00004674,regular,regular
test:00004675,regular,regular
test:00004676,regular,regular
test:00004677,regular,regular
test:00004678,regular,regular
test:00004679,regular,regular
test:00004680,regular,regular
test:00004681,regular,regular
test:00004682,regular,regular
test:00004683,regular,regular
test:00004684,regular,regular
test:00004685,regular,regular
test:00004686,regular,regular
test:00004687,regular,regular
test:00004688,regular,regular
test:00004689,regular,regular
test:00004690,regular,regular
test:00004691,regular,regular
test:00004692,regular,regular
test:00004693,regular,regular
test:00004694,regular,regular
test:00004695,regular,regular
test:00004696,regular,regular
test:00004697,regular,regular
test:00004698,regular,regular
test:00004699,regular,regular
test:00004700,regular,regular
test:00004701,regular,regular
test:00004702,regular,regular
test:00004703,regular,regular
test:00004704,regular,regular
test:00004705,regular,regular
test:00004706,regular,regular
test:00004707,regular,regular
test:00004708,regular,regular
test:00004709,regular,regular
test:00004710,regular,regular
test:00004711,regular,regular
test:00004712,regular,regular
test:00004713,regular,regular
test:00004714,regular,regular
test:00004715,regular,regular
test:00004716,regular,regular
test:00004718,regular,regular
test:00004719,regular,regular
test:00004720,regular,regular
test:00004721,regular,regular
test:00004722,regular,regular
test:00004723,regular,regular
test:00004724,regular,regular
test:00004725,regular,regular
test:00004726,regular,regular
test:00004727,regular,regular
test:00004728,regular,regular
test:00004729,regular,regular
test:00004730,regular,regular
test:00004731,regular,regular
test:00004732,regular,regular
test:00004733,regular,regular
test:00004734,regular,regular
test:00004735,regular,regular
test:00004736,regular,regular
test:00004737,regular,regular
test:00004738,regular,regular
test:00004739,regular,regular
test:00004740,regular,regular
test:00004741,regular,regular
test:00004742,regular,regular
test:00004743,regular,regular
test:00004745,regular,regular
test:00004746,regular,regular
test:00004747,regular,regular
test:00004748,regular,regular
test:00004749,regular,regular
test:00004750,regular,regular
test:00004751,regular,regular
test:00004752,regular,regular
test:00004753,regular,regular
test:00004754,regular,regular
test:00004755,regular,regular
test:00004756,regular,regular
test:00004757,regular,regular
test:00004758,regular,regular
test:00004759,regular,regular
test:00004760,regular,regular
test:00004761,regular,regular
test:00004762,regular,regular
test:00004763,regular,regular
test:00004764,regular,regular
test:00004765,regular,regular
test:00004766,regular,regular
test:00004767,regular,regular
test:00004768,regular,regular
test:00004769,regular,regular
test:00004770,regular,regular
test:00004771,regular,regular
test:00004772,regular,regular
test:00004773,regular,regular
test:00004774,regular,regular
test:00004775,regular,regular
test:00004776,regular,regular
test:00004777,regular,regular
test:00004778,regular,regular
test:00004779,regular,regular
test:00004780,regular,regular
test:00004781,regular,regular
test:00004782,regular,regular
test:00004783,regular,regular
test:00004784,regular,regular
test:00004785,regular,regular
test:00004787,regular,regular
test:00004788,regular,regular
test:00004789,regular,regular
test:00004790,regular,regular
test:00004791,regular,regular
test:00004792,regular,regular
test:00004793,regular,regular
test:00004794,regular,regular
test:00004795,regular,regular
test:00004796,regular,regular
test:00004797,regular,regular
test:00004798,regular,regular
test:00004799,regular,regular
test:00004800,regular,regular
test:00004803,regular,regular
test:00004804,regular,regular
test:00004805,regular,regular
test:00004806,regular,regular
test:00004807,regular,regular
test:00004808,regular,regular
test:00004809,regular,regular
test:00004811,regular,regular
test:00004812,regular,regular
test:00004813,regular,regular
test:00004814,regular,regular
test:00004815,regular,regular
test:00004816,regular,regular
test:00004817,regular,regular
test:00004818,regular,regular
test:00004819,regular,regular
test:00004820,regular,regular
test:00004821,regular,regular
test:00004822,regular,regular
test:00004823,regular,regular
test:00004824,regular,regular
test:00004825,regular,regular
test:00004826,regular,regular
test:00004827,regular,regular
test:00004828,regular,regular
test:00004829,regular,regular
test:00004830,regular,regular
test:00004831,regular,regular
test:00004832,regular,regular
test:00004833,regular,regular
test:00004834,regular,regular
test:00004835,regular,regular
test:00004837,regular,regular
test:00004838,regular,regular
test:00004839,regular,regular
test:00004840,regular,regular
test:00004841,regular,regular
test:00004842,regular,regular
test:00004844,regular,regular
test:00004845,regular,regular
test:00004846,regular,regular
test:00004847,regular,regular
test:00004848,regular,regular
test:00004849,regular,regular
test:00004850,regular,regular
test:00004851,regular,regular
test:00004852,regular,regular
test:00004853,regular,regular
test:00004854,regular,regular
test:00004855,regular,regular
test:00004856,regular,regular
test:00004857,regular,regular
test:00004858,regular,regular
test:00004859,regular,regular
test:00004860,regular,regular
test:00004861,regular,regular
test:00004862,regular,regular
test:00004863,regular,regular
test:00004864,regular,regular
test:00004865,regular,regular
test:00004866,regular,regular
test:00004867,regular,regular
test:00004868,regular,regular
test:00004869,regular,regular
test:00004870,regular,regular
test:00004871,regular,regular
test:00004872,regular,regular
test:00004873,regular,regular
test:00004874,regular,regular
test:00004875,regular,regular
test:00004876,regular,regular
test:00004877,regular,regular
test:00004878,regular,regular
test:00004879,regular,regular
test:00004880,regular,regular
test:00004881,regular,regular
test:00004882,regular,regular
test:00004883,regular,regular
test:00004884,regular,regular
test:00004885,regular,regular
test:00004886,regular,regular
test:00004887,regular,regular
test:00004888,regular,regular
test:00004889,regular,regular
test:00004890,regular,regular
test:00004891,regular,regular
test:00004892,regular,regular
test:00004893,regular,regular
test:00004894,regular,regular
test:00004895,regular,regular
test:00004896,regular,regular
test:00004897,regular,regular
test:00004898,regular,regular
test:00004899,regular,regular
test:00004900,regular,regular
test:00004901,regular,regular
test:00004902,regular,regular
test:00004903,regular,regular
test:00004904,regular,regular
test:00004905,regular,regular
test:00004906,regular,regular
test:00004907,regular,regular
test:00004908,regular,regular
test:00004909,regular,regular
test:00004910,regular,regular
test:00004911,regular,regular
test:00004912,regular,regular
test:00004913,regular,regular
test:00004914,regular,regular
test:00004915,regular,regular
test:00004916,regular,regular
test:00004917,regular,regular
test:00004918,regular,regular
test:00004919,regular,regular
test:00004920,regular,regular
test:00004921,regular,regular
test:00004922,regular,regular
test:00004923,regular,regular
test:00004924,regular,regular
test:00004925,regular,regular
test:00004926,regular,regular
test:00004927,regular,regular
test:00004928,regular,regular
test:00004929,regular,regular
test:00004930,regular,regular
test:00004931,regular,regular
test:00004932,regular,regular
test:00004933,regular,regular
test:00004934,regular,regular
test:00004935,regular,regular
test:00004936,regular,regular
test:00004937,regular,regular
test:00004938,regular,regular
test:00004939,regular,regular
test:00004940,regular,regular
test:00004941,regular,regular
test:00004942,regular,regular
test:00004943,regular,regular
test:00004945,regular,regular
test:00004946,regular,regular
test:00004947,regular,regular
test:00004948,regular,regular
test:00004949,regular,regular
test:00004950,regular,regular
test:00004951,regular,regular
test:00004952,regular,regular
test:00004953,regular,regular
test:00004954,regular,regular
test:00004955,regular,regular
test:00004956,regular,regular
test:00004957,regular,regular
test:00004959,regular,regular
test:00004960,regular,regular
test:00004961,regular,regular
test:00004962,regular,regular
test:00004963,regular,regular
test:00004964,regular,regular
test:00004965,regular,regular
test:00004966,regular,regular
test:00004967,regular,regular
test:00004968,regular,regular
test:00004969,regular,regular
test:00004971,regular,regular
test:00004972,regular,regular
test:00004973,regular,regular
test:00004974,regular,regular
test:00004975,regular,regular
test:00004976,regular,regular
test:00004977,regular,regular
test:00004978,regular,regular
test:00004979,regular,regular
test:00004980,regular,regular
test:00004981,regular,regular
test:00004982,regular,regular
test:00004983,regular,regular
test:00004984,regular,regular
test:00004985,regular,regular
test:00004986,regular,regular
test:00004987,regular,regular
test:00004988,regular,regular
test:00004989,regular,regular
test:00004990,regular,regular
test:00004991,regular,regular
test:00004992,regular,regular
test:00004993,regular,regular
test:00004994,regular,regular
test:00004995,regular,regular
test:00004996,regular,regular
test:00004997,regular,regular
test:00004998,regular,regular
test:00004999,regular,regular
test:00005000,regular,regular
test:00005001,regular,regular
test:00005002,regular,regular
test:00005003,regular,regular
test:00005004,regular,regular
test:00005005,regular,regular
test:00005006,regular,regular
test:00005007,regular,regular
test:00005008,regular,regular
test:00005009,regular,regular
test:00005010,regular,regular
test:00005011,regular,regular
test:00005012,regular,regular
test:00005013,regular,regular
test:00005014,regular,regular
test:00005015,regular,regular
test:00005016,regular,regular
test:00005017,regular,regular
test:00005018,regular,regular
test:00005019,regular,regular
test:00005021,regular,regular
test:00005022,regular,regular
test:00005023,regular,regular
test:00005024,regular,regular
test:00005025,regular,regular
test:00005026,regular,regular
test:00005027,regular,regular
test:00005028,regular,regular
test:00005029,regular,regular
test:00005030,regular,regular
test:00005031,regular,regular
test:00005032,regular,regular
test:00005033,regular,regular
test:00005034,regular,regular
test:00005035,regular,regular
test:00005036,regular,regular
test:00005037,regular,regular
test:00005038,regular,regular
test:00005039,regular,regular
test:00005040,regular,regular
test:00005041,regular,regular
test:00005042,regular,regular
test:00005043,regular,regular
test:00005044,regular,regular
test:00005045,regular,regular
test:00005046,regular,regular
test:00005047,regular,regular
test:00005049,regular,regular
test:00005050,regular,regular
test:00005051,regular,regular
test:00005052,regular,regular
test:00005053,regular,regular
test:00005054,regular,regular
test:00005055,regular,regular
test:00005056,regular,regular
test:00005057,regular,regular
test:00005058,regular,regular
test:00005059,regular,regular
test:00005060,regular,regular
test:00005062,regular,regular
test:00005063,regular,regular
test:00005064,regular,regular
test:00005065,regular,regular
test:00005066,regular,regular
test:00005067,regular,regular
test:00005068,regular,regular
test:00005069,regular,regular
test:00005070,regular,regular
test:00005071,regular,regular
test:00005072,regular,regular
test:00005073,regular,regular
test:00005074,regular,irony
test:00005075,regular,regular
test:00005076,regular,regular
test:00005077,regular,regular
test:00005078,regular,regular
test:00005079,regular,regular
test:00005080,regular,regular
test:00005081,regular,regular
test:00005082,regular,regular
test:00005083,regular,regular
test:00005084,regular,regular
test:00005086,regular,regular
test:00005087,regular,regular
test:00005088,regular,regular
test:00005089,regular,regular
test:00005090,regular,regular
test:00005091,regular,regular
test:00005092,regular,regular
test:00005094,regular,regular
test:00005095,regular,regular
test:00005096,regular,regular
test:00005097,regular,regular
test:00005098,regular,regular
test:00005099,regular,regular
test:00005100,regular,regular
test:00005101,regular,regular
test:00005102,regular,regular
test:00005103,regular,regular
test:00005105,regular,regular
test:00005106,regular,regular
test:00005107,regular,regular
test:00005108,regular,regular
test:00005109,regular,regular
test:00005110,regular,regular
test:00005111,regular,regular
test:00005112,regular,regular
test:00005113,regular,regular
test:00005114,regular,regular
test:00005115,regular,regular
test:00005116,regular,regular
test:00005117,regular,regular
test:00005119,regular,regular
test:00005120,regular,regular
test:00005121,regular,regular
test:00005122,regular,regular
test:00005123,regular,regular
test:00005124,regular,regular
test:00005125,regular,regular
test:00005126,regular,regular
test:00005127,regular,regular
test:00005128,regular,regular
test:00005129,regular,regular
test:00005130,regular,regular
test:00005131,regular,regular
test:00005132,regular,regular
test:00005133,regular,regular
test:00005134,regular,regular
test:00005135,regular,regular
test:00005136,regular,regular
test:00005137,regular,regular
test:00005138,regular,regular
test:00005139,regular,regular
test:00005140,regular,regular
test:00005141,regular,regular
test:00005142,regular,regular
test:00005143,regular,regular
test:00005144,regular,regular
test:00005145,regular,regular
test:00005146,regular,regular
test:00005147,regular,regular
test:00005148,regular,regular
test:00005149,regular,regular
test:00005150,regular,regular
test:00005151,regular,regular
test:00005152,regular,regular
test:00005153,regular,regular
test:00005154,regular,regular
test:00005156,regular,regular
test:00005157,regular,regular
test:00005158,regular,regular
test:00005159,regular,regular
test:00005160,regular,regular
test:00005161,regular,regular
test:00005162,regular,regular
test:00005163,regular,regular
test:00005164,regular,regular
test:00005166,regular,regular
test:00005167,regular,regular
test:00005168,regular,regular
test:00005169,regular,regular
test:00005171,regular,regular
test:00005172,regular,regular
test:00005173,regular,regular
test:00005174,regular,regular
test:00005175,regular,regular
test:00005176,regular,regular
test:00005177,regular,regular
test:00005178,regular,regular
test:00005179,regular,regular
test:00005180,regular,regular
test:00005181,regular,regular
test:00005182,regular,regular
test:00005183,regular,regular
test:00005184,regular,regular
test:00005185,regular,regular
test:00005186,regular,regular
test:00005187,regular,regular
test:00005188,regular,regular
test:00005189,regular,regular
test:00005190,regular,regular
test:00005191,regular,regular
test:00005192,regular,regular
test:00005193,regular,regular
test:00005194,regular,regular
test:00005195,regular,regular
test:00005196,regular,regular
test:00005197,regular,regular
test:00005198,regular,regular
test:00005199,regular,regular
test:00005200,regular,regular
test:00005201,regular,regular
test:00005202,regular,regular
test:00005203,regular,regular
test:00005204,regular,regular
test:00005205,regular,regular
test:00005206,regular,regular
test:00005207,regular,regular
test:00005208,regular,regular
test:00005209,regular,regular
test:00005210,regular,regular
test:00005211,regular,regular
test:00005212,regular,regular
test:00005213,regular,regular
test:00005214,regular,regular
test:00005215,regular,regular
test:00005216,regular,regular
test:00005218,regular,regular
test:00005219,regular,regular
test:00005220,regular,regular
test:00005221,regular,regular
test:00005222,regular,regular
test:00005223,regular,regular
test:00005224,regular,regular
test:00005225,regular,regular
test:00005226,regular,regular
test:00005227,regular,regular
test:00005228,regular,regular
test:00005229,regular,regular
test:00005230,regular,regular
test:00005231,regular,regular
test:00005232,regular,regular
test:00005233,regular,regular
test:00005234,regular,regular
test:00005235,regular,regular
test:00005236,regular,regular
test:00005237,regular,regular
test:00005238,regular,regular
test:00005240,regular,regular
test:00005242,regular,regular
test:00005243,regular,regular
test:00005244,regular,regular
test:00005245,regular,regular
test:00005246,regular,regular
test:00005247,regular,regular
test:00005248,regular,regular
test:00005249,regular,regular
test:00005251,regular,regular
test:00005252,regular,regular
test:00005253,regular,regular
test:00005254,regular,regular
test:00005255,regular,regular
test:00005256,regular,regular
test:00005257,regular,regular
test:00005258,regular,regular
test:00005260,regular,regular
test:00005261,regular,regular
test:00005262,regular,regular
test:00005263,regular,regular
test:00005264,regular,regular
test:00005265,regular,regular
test:00005266,regular,regular
test:00005267,regular,regular
test:00005268,regular,regular
test:00005269,regular,regular
test:00005270,regular,regular
test:00005271,regular,regular
test:00005272,regular,regular
test:00005273,regular,regular
test:00005274,regular,regular
test:00005276,regular,regular
test:00005277,regular,regular
test:00005278,regular,regular
test:00005279,regular,regular
test:00005280,regular,regular
test:00005281,regular,regular
test:00005282,regular,regular
test:00005283,regular,regular
test:00005284,regular,regular
test:00005285,regular,regular
test:00005286,regular,regular
test:00005287,regular,regular
test:00005288,regular,regular
test:00005289,regular,regular
test:00005290,regular,regular
test:00005292,regular,regular
test:00005293,regular,regular
test:00005294,regular,regular
test:00005295,regular,regular
test:00005296,regular,regular
test:00005297,regular,regular
test:00005298,regular,regular
test:00005299,regular,regular
test:00005300,regular,regular
test:00005301,regular,regular
test:00005302,regular,regular
test:00005303,regular,regular
test:00005304,regular,regular
test:00005305,regular,regular
test:00005306,regular,regular
test:00005307,regular,regular
test:00005308,regular,regular
test:00005309,regular,regular
test:00005310,regular,regular
test:00005311,regular,regular
test:00005312,regular,regular
test:00005313,regular,regular
test:00005314,regular,regular
test:00005315,regular,regular
test:00005316,regular,regular
test:00005317,regular,regular
test:00005318,regular,regular
test:00005319,regular,regular
test:00005321,regular,regular
test:00005322,regular,regular
test:00005324,regular,regular
test:00005325,regular,regular
test:00005326,regular,regular
test:00005327,regular,regular
test:00005328,regular,regular
test:00005329,regular,regular
test:00005330,regular,regular
test:00005331,regular,regular
test:00005332,regular,regular
test:00005334,regular,regular
test:00005335,regular,regular
test:00005336,regular,regular
test:00005337,regular,regular
test:00005338,regular,regular
test:00005339,regular,regular
test:00005340,regular,regular
test:00005341,regular,regular
test:00005342,regular,regular
test:00005343,regular,regular
test:00005344,regular,regular
test:00005345,regular,regular
test:00005346,regular,regular
test:00005347,regular,regular
test:00005348,regular,regular
test:00005349,regular,regular
test:00005350,regular,regular
test:00005351,regular,regular
test:00005352,regular,regular
test:00005353,regular,regular
test:00005354,regular,regular
test:00005355,regular,regular
test:00005356,regular,regular
test:00005357,regular,regular
test:00005358,regular,regular
test:00005359,regular,regular
test:00005360,regular,regular
test:00005361,regular,regular
test:00005362,regular,regular
test:00005364,regular,regular
test:00005365,regular,regular
test:00005366,regular,regular
test:00005367,regular,regular
test:00005368,regular,regular
test:00005369,regular,regular
test:00005370,regular,regular
test:00005371,regular,regular
test:00005372,regular,regular
test:00005373,regular,regular
test:00005374,regular,regular
test:00005375,regular,regular
test:00005376,regular,regular
test:00005377,regular,regular
test:00005378,regular,regular
test:00005379,regular,regular
test:00005380,regular,regular
test:00005381,regular,regular
test:00005382,regular,regular
test:00005383,regular,regular
test:00005384,regular,regular
test:00005385,regular,regular
test:00005386,regular,regular
test:00005387,regular,regular
test:00005388,regular,regular
test:00005389,regular,regular
test:00005390,regular,regular
test:00005391,regular,regular
test:00005392,regular,regular
test:00005393,regular,regular
test:00005394,regular,regular
test:00005395,regular,regular
test:00005396,regular,regular
test:00005397,regular,regular
test:00005398,regular,regular
test:00005399,regular,regular
test:00005400,regular,regular
test:00005401,regular,regular
test:00005402,regular,regular
test:00005403,regular,regular
test:00005404,regular,regular
test:00005405,regular,regular
test:00005406,regular,regular
test:00005407,regular,regular
test:00005408,regular,regular
test:00005410,regular,regular
test:00005411,regular,regular
test:00005412,regular,regular
test:00005413,regular,sarcasm
test:00005414,regular,regular
test:00005415,regular,regular
test:00005416,regular,regular
test:00005417,regular,regular
test:00005418,regular,regular
test:00005419,regular,regular
test:00005420,regular,regular
test:00005421,regular,regular
test:00005422,regular,regular
test:00005423,regular,regular
test:00005424,regular,regular
test:00005426,regular,regular
test:00005427,regular,regular
test:00005428,regular,regular
test:00005429,regular,regular
test:00005432,regular,regular
test:00005433,regular,regular
test:00005434,regular,regular
test:00005435,regular,regular
test:00005436,regular,regular
test:00005438,regular,regular
test:00005439,regular,regular
test:00005440,regular,regular
test:00005441,regular,regular
test:00005442,regular,regular
test:00005443,regular,regular
test:00005444,regular,regular
test:00005446,regular,regular
test:00005447,regular,regular
test:00005448,regular,regular
test:00005449,regular,regular
test:00005450,regular,regular
test:00005451,regular,regular
test:00005452,regular,regular
test:00005453,regular,regular
test:00005454,regular,regular
test:00005455,regular,regular
test:00005456,regular,regular
test:00005457,regular,regular
test:00005458,regular,regular
test:00005459,regular,regular
test:00005460,regular,regular
test:00005461,regular,regular
test:00005462,regular,regular
test:00005463,regular,regular
test:00005464,regular,regular
test:00005465,regular,regular
test:00005466,regular,regular
test:00005467,regular,regular
test:00005468,regular,regular
test:00005469,regular,regular
test:00005470,regular,regular
test:00005471,regular,regular
test:00005472,regular,regular
test:00005473,regular,regular
test:00005474,regular,regular
test:00005475,regular,regular
test:00005476,regular,regular
test:00005477,regular,regular
test:00005478,regular,regular
test:00005479,regular,regular
test:00005480,regular,regular
test:00005481,regular,regular
test:00005482,regular,regular
test:00005483,regular,regular
test:00005484,regular,regular
test:00005485,regular,regular
test:00005486,regular,regular
test:00005487,regular,regular
test:00005488,regular,regular
test:00005489,regular,regular
test:00005490,regular,regular
test:00005491,regular,regular
test:00005492,regular,regular
test:00005493,regular,regular
test:00005494,regular,irony
test:00005495,regular,sarcasm
test:00005496,regular,regular
test:00005497,regular,regular
test:00005498,regular,regular
test:00005499,regular,regular
test:00005500,regular,regular
test:00005501,regular,regular
test:00005502,regular,regular
test:00005503,regular,regular
test:00005504,regular,regular
test:00005505,regular,regular
test:00005506,regular,regular
test:00005507,regular,regular
test:00005508,regular,regular
test:00005510,regular,regular
test:00005511,regular,regular
test:00005512,regular,regular
test:00005513,regular,regular
test:00005514,regular,regular
test:00005515,regular,regular
test:00005516,regular,regular
test:00005517,regular,regular
test:00005518,regular,regular
test:00005519,regular,regular
test:00005520,regular,regular
test:00005521,regular,regular
test:00005522,regular,regular
test:00005523,regular,regular
test:00005524,regular,regular
test:00005525,regular,regular
test:00005526,regular,regular
test:00005527,regular,regular
test:00005528,regular,regular
test:00005529,regular,regular
test:00005530,regular,regular
test:00005531,regular,regular
test:00005532,regular,regular
test:00005534,regular,regular
test:00005535,regular,regular
test:00005536,regular,regular
test:00005537,regular,regular
test:00005538,regular,regular
test:00005539,regular,regular
test:00005541,regular,regular
test:00005542,regular,regular
test:00005545,regular,regular
test:00005546,regular,regular
test:00005547,regular,regular
test:00005548,regular,regular
test:00005549,regular,regular
test:00005550,regular,regular
test:00005551,regular,regular
test:00005552,regular,regular
test:00005553,regular,regular
test:00005554,regular,regular
test:00005556,regular,regular
test:00005557,regular,regular
test:00005558,regular,regular
test:00005559,regular,regular
test:00005560,regular,regular
test:00005561,regular,regular
test:00005562,regular,regular
test:00005563,regular,regular
test:00005564,regular,regular
test:00005565,regular,regular
test:00005566,regular,regular
test:00005567,regular,regular
test:00005568,regular,regular
test:00005569,regular,regular
test:00005570,regular,regular
test:00005571,regular,regular
test:00005572,regular,regular
test:00005573,regular,regular
test:00005574,regular,regular
test:00005575,regular,regular
test:00005576,regular,regular
test:00005577,regular,regular
test:00005578,regular,regular
test:00005579,regular,regular
test:00005580,regular,regular
test:00005582,regular,regular
test:00005584,regular,regular
test:00005585,regular,regular
test:00005586,regular,regular
test:00005587,regular,regular
test:00005588,regular,regular
test:00005589,regular,regular
test:00005590,regular,regular
test:00005591,regular,regular
test:00005592,regular,regular
test:00005593,regular,regular
test:00005594,regular,regular
test:00005595,regular,regular
test:00005597,regular,regular
test:00005598,regular,regular
test:00005600,regular,regular
test:00005601,regular,regular
test:00005602,regular,regular
test:00005603,regular,regular
test:00005604,regular,regular
test:00005605,regular,regular
test:00005606,regular,regular
test:00005607,regular,regular
test:00005608,regular,regular
test:00005609,regular,regular
test:00005611,regular,regular
test:00005612,regular,regular
test:00005613,regular,regular
test:00005614,regular,regular
test:00005615,regular,regular
test:00005616,regular,regular
test:00005617,regular,regular
test:00005619,regular,regular
test:00005620,regular,regular
test:00005621,regular,regular
test:00005622,regular,regular
test:00005623,regular,regular
test:00005624,regular,regular
test:00005625,regular,regular
test:00005627,regular,regular
test:00005628,regular,regular
test:00005629,regular,regular
test:00005630,regular,regular
test:00005631,regular,regular
test:00005633,regular,regular
test:00005634,regular,regular
test:00005635,regular,regular
test:00005636,regular,regular
test:00005637,regular,regular
test:00005639,regular,regular
test:00005640,regular,regular
test:00005641,regular,regular
test:00005642,regular,regular
test:00005643,regular,regular
test:00005644,regular,regular
test:00005646,regular,regular
test:00005647,regular,regular
test:00005648,regular,regular
test:00005649,regular,regular
test:00005651,regular,regular
test:00005652,regular,regular
test:00005653,regular,regular
test:00005654,regular,regular
test:00005655,regular,regular
test:00005656,regular,regular
test:00005657,regular,regular
test:00005659,regular,regular
test:00005660,regular,regular
test:00005661,regular,regular
test:00005662,regular,regular
test:00005663,regular,regular
test:00005664,regular,regular
test:00005665,regular,regular
test:00005666,regular,regular
test:00005667,regular,regular
test:00005668,regular,regular
test:00005669,regular,regular
test:00005670,regular,regular
test:00005671,regular,regular
test:00005672,regular,regular
test:00005673,regular,regular
test:00005674,regular,regular
test:00005675,regular,regular
test:00005676,regular,regular
test:00005677,regular,regular
test:00005678,regular,regular
test:00005679,regular,regular
test:00005680,regular,regular
test:00005681,regular,regular
test:00005682,regular,regular
test:00005683,regular,regular
test:00005684,regular,regular
test:00005685,regular,regular
test:00005686,regular,regular
test:00005687,regular,regular
test:00005688,regular,regular
test:00005689,regular,regular
test:00005690,regular,regular
test:00005691,regular,regular
test:00005692,regular,regular
test:00005693,regular,regular
test:00005694,regular,regular
test:00005695,regular,regular
test:00005696,regular,regular
test:00005697,regular,regular
test:00005698,regular,regular
test:00005699,regular,regular
test:00005700,regular,regular
test:00005701,regular,regular
test:00005702,regular,regular
test:00005703,regular,regular
test:00005704,regular,regular
test:00005705,regular,regular
test:00005706,regular,regular
test:00005707,regular,regular
test:00005708,regular,regular
test:00005709,regular,regular
test:00005710,regular,regular
test:00005711,regular,regular
test:00005712,regular,regular
test:00005713,regular,regular
test:00005714,regular,regular
test:00005715,regular,regular
test:00005716,regular,regular
test:00005717,regular,regular
test:00005718,regular,regular
test:00005719,regular,regular
test:00005720,regular,regular
test:00005721,regular,regular
test:00005722,regular,regular
test:00005723,regular,regular
test:00005724,regular,regular
test:00005725,regular,regular
test:00005726,regular,regular
test:00005727,regular,regular
test:00005728,regular,regular
test:00005729,regular,regular
test:00005730,regular,regular
test:00005731,regular,regular
test:00005732,regular,regular
test:00005733,regular,regular
test:00005734,regular,regular
test:00005735,regular,regular
test:00005736,regular,regular
test:00005737,regular,regular
test:00005738,regular,regular
test:00005739,regular,regular
test:00005740,regular,regular
test:00005741,regular,regular
test:00005742,regular,regular
test:00005743,regular,regular
test:00005744,regular,regular
test:00005745,regular,regular
test:00005746,regular,regular
test:00005747,regular,regular
test:00005749,regular,regular
test:00005750,regular,regular
test:00005751,regular,regular
test:00005752,regular,regular
test:00005753,regular,regular
test:00005754,regular,regular
test:00005755,regular,regular
test:00005756,regular,regular
test:00005757,regular,regular
test:00005758,regular,regular
test:00005759,regular,regular
test:00005760,regular,regular
test:00005761,regular,regular
test:00005762,regular,regular
test:00005763,regular,regular
test:00005764,regular,regular
test:00005765,regular,regular
test:00005766,regular,irony
test:00005767,regular,regular
test:00005768,regular,regular
test:00005769,regular,regular
test:00005770,regular,regular
test:00005771,regular,regular
test:00005772,regular,regular
test:00005773,regular,regular
test:00005774,regular,regular
test:00005775,regular,regular
test:00005776,regular,regular
test:00005778,regular,regular
test:00005779,regular,regular
test:00005780,regular,regular
test:00005781,regular,regular
test:00005782,regular,regular
test:00005783,regular,regular
test:00005784,regular,regular
test:00005785,regular,regular
test:00005786,regular,regular
test:00005787,regular,regular
test:00005788,regular,regular
test:00005789,regular,regular
test:00005790,regular,regular
test:00005791,regular,regular
test:00005792,regular,regular
test:00005793,regular,regular
test:00005794,regular,regular
test:00005795,regular,regular
test:00005797,regular,regular
test:00005798,regular,regular
test:00005799,regular,regular
test:00005800,regular,regular
test:00005801,regular,regular
test:00005803,regular,regular
test:00005805,regular,regular
test:00005806,regular,regular
test:00005807,regular,regular
test:00005808,regular,regular
test:00005809,regular,regular
test:00005812,regular,regular
test:00005813,regular,regular
test:00005814,regular,regular
test:00005815,regular,regular
test:00005816,regular,regular
test:00005817,regular,regular
test:00005818,regular,regular
test:00005819,regular,regular
test:00005820,regular,regular
test:00005821,regular,regular
test:00005822,regular,regular
test:00005823,regular,regular
test:00005824,regular,regular
test:00005825,regular,regular
test:00005826,regular,regular
test:00005827,regular,regular
test:00005828,regular,regular
test:00005829,regular,regular
test:00005830,regular,regular
test:00005831,regular,regular
test:00005832,regular,regular
test:00005833,regular,regular
test:00005834,regular,regular
test:00005835,regular,regular
test:00005836,regular,regular
test:00005837,regular,regular
test:00005838,regular,regular
test:00005839,regular,regular
test:00005840,regular,regular
test:00005841,regular,regular
test:00005842,regular,regular
test:00005843,regular,regular
test:00005844,regular,regular
test:00005845,regular,regular
test:00005846,regular,regular
test:00005847,regular,regular
test:00005848,regular,regular
test:00005849,regular,regular
test:00005850,regular,regular
test:00005851,regular,regular
test:00005852,regular,irony
test:00005853,regular,regular
test:00005855,regular,regular
test:00005856,regular,regular
test:00005858,regular,regular
test:00005859,regular,regular
test:00005860,regular,regular
test:00005862,regular,regular
test:00005863,regular,regular
test:00005864,regular,regular
test:00005865,regular,regular
test:00005866,regular,regular
test:00005867,regular,regular
test:00005868,regular,regular
test:00005869,regular,regular
test:00005870,regular,regular
test:00005871,regular,regular
test:00005872,regular,regular
test:00005873,regular,regular
test:00005874,regular,regular
test:00005875,regular,regular
test:00005876,regular,regular
test:00005877,regular,regular
test:00005878,regular,regular
test:00005879,regular,regular
test:00005880,regular,regular
test:00005881,regular,regular
test:00005882,regular,regular
test:00005883,regular,regular
test:00005885,regular,regular
test:00005886,regular,regular
test:00005887,regular,regular
test:00005888,regular,regular
test:00005889,regular,regular
test:00005890,regular,regular
test:00005891,regular,regular
test:00005892,regular,regular
test:00005893,regular,regular
test:00005894,regular,regular
test:00005895,regular,regular
test:00005896,regular,regular
test:00005897,regular,regular
test:00005898,regular,regular
test:00005899,regular,regular
test:00005900,regular,regular
test:00005901,regular,regular
test:00005902,regular,regular
test:00005903,regular,regular
test:00005904,regular,regular
test:00005905,regular,regular
test:00005906,regular,regular
test:00005907,regular,regular
test:00005908,regular,regular
test:00005909,regular,regular
test:00005910,regular,regular
test:00005911,regular,regular
test:00005912,regular,regular
test:00005915,regular,regular
test:00005916,regular,regular
test:00005917,regular,regular
test:00005918,regular,regular
test:00005919,regular,regular
test:00005920,regular,regular
test:00005921,regular,regular
test:00005922,regular,regular
test:00005923,regular,regular
test:00005924,regular,regular
test:00005927,regular,regular
test:00005929,regular,regular
test:00005930,regular,regular
test:00005933,regular,regular
test:00005934,regular,regular
test:00005935,regular,regular
test:00005936,regular,regular
test:00005937,regular,regular
test:00005938,regular,regular
test:00005939,regular,regular
test:00005940,regular,sarcasm
test:00005941,regular,regular
test:00005942,regular,regular
test:00005943,regular,regular
test:00005944,regular,regular
test:00005945,regular,regular
test:00005946,regular,regular
test:00005949,regular,regular
test:00005951,regular,regular
test:00005952,regular,regular
test:00005953,regular,regular
test:00005954,regular,regular
test:00005955,regular,regular
test:00005956,regular,regular
test:00005957,regular,regular
test:00005958,regular,regular
test:00005959,regular,regular
test:00005960,regular,regular
test:00005961,regular,regular
test:00005962,regular,regular
test:00005963,regular,regular
test:00005964,regular,regular
test:00005965,regular,regular
test:00005966,regular,regular
test:00005967,regular,regular
test:00005968,regular,regular
test:00005969,regular,regular
test:00005970,regular,regular
test:00005971,regular,regular
test:00005972,regular,regular
test:00005973,regular,regular
test:00005974,regular,regular
test:00005975,regular,regular
test:00005976,regular,regular
test:00005977,regular,regular
test:00005978,regular,regular
test:00005979,regular,regular
test:00005980,regular,regular
test:00005981,regular,regular
test:00005982,regular,regular
test:00005983,regular,regular
test:00005984,regular,regular
test:00005985,regular,regular
test:00005986,regular,regular
test:00005987,regular,regular
test:00005988,regular,regular
test:00005989,regular,regular
test:00005990,regular,regular
test:00005991,regular,regular
test:00005992,regular,regular
test:00005993,regular,regular
test:00005994,regular,regular
test:00005995,regular,regular
test:00005996,regular,regular
test:00005997,regular,regular
test:00005998,regular,regular
test:00005999,regular,regular
test:00006000,regular,regular
test:00006001,regular,regular
test:00006002,regular,regular
test:00006003,regular,regular
test:00006004,regular,regular
test:00006005,regular,regular
test:00006006,regular,regular
test:00006007,regular,regular
test:00006008,regular,regular
test:00006009,regular,regular
test:00006010,regular,regular
test:00006011,regular,regular
test:00006012,regular,regular
test:00006013,regular,regular
test:00006014,regular,regular
test:00006015,regular,regular
test:00006016,regular,regular
test:00006017,regular,regular
test:00006018,regular,regular
test:00006019,regular,regular
test:00006020,regular,regular
test:00006021,regular,regular
test:00006022,regular,regular
test:00006023,sarcasm,irony
test:00006024,sarcasm,irony
test:00006025,sarcasm,regular
test:00006026,sarcasm,sarcasm
test:00006027,sarcasm,sarcasm
test:00006028,sarcasm,irony
test:00006029,sarcasm,sarcasm
test:00006030,sarcasm,irony
test:00006031,sarcasm,irony
test:00006032,sarcasm,sarcasm
test:00006033,sarcasm,sarcasm
test:00006034,sarcasm,sarcasm
test:00006035,sarcasm,sarcasm
test:00006036,sarcasm,sarcasm
test:00006037,sarcasm,irony
test:00006038,sarcasm,irony
test:00006039,sarcasm,sarcasm
test:00006040,sarcasm,irony
test:00006041,sarcasm,irony
test:00006042,sarcasm,sarcasm
test:00006043,sarcasm,sarcasm
test:00006044,sarcasm,sarcasm
test:00006045,sarcasm,sarcasm
test:00006046,sarcasm,sarcasm
test:00006047,sarcasm,irony
test:00006048,sarcasm,sarcasm
test:00006049,sarcasm,irony
test:00006050,sarcasm,sarcasm
test:00006051,sarcasm,sarcasm
test:00006052,sarcasm,irony
test:00006053,sarcasm,sarcasm
test:00006054,sarcasm,sarcasm
test:00006055,sarcasm,sarcasm
test:00006056,sarcasm,sarcasm
test:00006057,sarcasm,sarcasm
test:00006058,sarcasm,sarcasm
test:00006059,sarcasm,sarcasm
test:00006060,sarcasm,irony
test:00006061,sarcasm,sarcasm
test:00006062,sarcasm,sarcasm
test:00006063,sarcasm,regular
test:00006064,sarcasm,sarcasm
test:00006065,sarcasm,sarcasm
test:00006066,sarcasm,sarcasm
test:00006067,sarcasm,sarcasm
test:00006068,sarcasm,irony
test:00006069,sarcasm,sarcasm
test:00006070,sarcasm,irony
test:00006071,sarcasm,sarcasm
test:00006072,sarcasm,sarcasm
test:00006073,sarcasm,irony
test:00006074,sarcasm,sarcasm
test:00006075,sarcasm,sarcasm
test:00006076,sarcasm,sarcasm
test:00006077,sarcasm,sarcasm
test:00006078,sarcasm,sarcasm
test:00006079,sarcasm,irony
test:00006080,sarcasm,sarcasm
test:00006081,sarcasm,sarcasm
test:00006082,sarcasm,sarcasm
test:00006083,sarcasm,sarcasm
test:00006084,sarcasm,irony
test:00006085,sarcasm,sarcasm
test:00006086,sarcasm,sarcasm
test:00006087,sarcasm,sarcasm
test:00006088,sarcasm,sarcasm
test:00006089,sarcasm,irony
test:00006090,sarcasm,irony
test:00006091,sarcasm,sarcasm
test:00006092,sarcasm,irony
test:00006093,sarcasm,sarcasm
test:00006094,sarcasm,sarcasm
test:00006095,sarcasm,sarcasm
test:00006096,sarcasm,sarcasm
test:00006097,sarcasm,irony
test:00006098,sarcasm,irony
test:00006099,sarcasm,sarcasm
test:00006100,sarcasm,sarcasm
test:00006101,sarcasm,sarcasm
test:00006102,sarcasm,sarcasm
test:00006103,sarcasm,sarcasm
test:00006104,sarcasm,sarcasm
test:00006105,sarcasm,irony
test:00006106,sarcasm,sarcasm
test:00006107,sarcasm,irony
test:00006108,sarcasm,irony
test:00006109,sarcasm,sarcasm
test:00006110,sarcasm,sarcasm
test:00006111,sarcasm,sarcasm
test:00006112,sarcasm,regular
test:00006113,sarcasm,sarcasm
test:00006114,sarcasm,irony
test:00006115,sarcasm,sarcasm
test:00006116,sarcasm,irony
test:00006117,sarcasm,sarcasm
test:00006118,sarcasm,sarcasm
test:00006119,sarcasm,sarcasm
test:00006120,sarcasm,sarcasm
test:00006121,sarcasm,sarcasm
test:00006122,sarcasm,irony
test:00006123,sarcasm,sarcasm
test:00006124,sarcasm,irony
test:00006125,sarcasm,sarcasm
test:00006126,sarcasm,sarcasm
test:00006127,sarcasm,sarcasm
test:00006128,sarcasm,sarcasm
test:00006129,sarcasm,sarcasm
test:00006130,sarcasm,irony
test:00006131,sarcasm,sarcasm
test:00006132,sarcasm,sarcasm
test:00006133,sarcasm,sarcasm
test:00006134,sarcasm,sarcasm
test:00006135,sarcasm,irony
test:00006136,sarcasm,irony
test:00006137,sarcasm,sarcasm
test:00006138,sarcasm,irony
test:00006139,sarcasm,sarcasm
test:00006140,sarcasm,sarcasm
test:00006141,sarcasm,irony
test:00006142,sarcasm,sarcasm
test:00006143,sarcasm,sarcasm
test:00006144,sarcasm,irony
test:00006145,sarcasm,sarcasm
test:00006146,sarcasm,irony
test:00006147,sarcasm,irony
test:00006148,sarcasm,sarcasm
test:00006149,sarcasm,irony
test:00006150,sarcasm,sarcasm
test:00006151,sarcasm,sarcasm
test:00006152,sarcasm,sarcasm
test:00006153,sarcasm,sarcasm
test:00006154,sarcasm,sarcasm
test:00006155,sarcasm,sarcasm
test:00006156,sarcasm,sarcasm
test:00006157,sarcasm,irony
test:00006158,sarcasm,sarcasm
test:00006159,sarcasm,sarcasm
test:00006160,sarcasm,sarcasm
test:00006161,sarcasm,sarcasm
test:00006162,sarcasm,sarcasm
test:00006163,sarcasm,sarcasm
test:00006164,sarcasm,sarcasm
test:00006165,sarcasm,sarcasm
test:00006166,sarcasm,irony
test:00006167,sarcasm,sarcasm
test:00006168,sarcasm,irony
test:00006169,sarcasm,irony
test:00006170,sarcasm,regular
test:00006171,sarcasm,sarcasm
test:00006172,sarcasm,sarcasm
test:00006173,sarcasm,sarcasm
test:00006174,sarcasm,sarcasm
test:00006175,sarcasm,irony
test:00006176,sarcasm,sarcasm
test:00006177,sarcasm,sarcasm
test:00006178,sarcasm,sarcasm
test:00006179,sarcasm,sarcasm
test:00006180,sarcasm,sarcasm
test:00006181,sarcasm,sarcasm
test:00006182,sarcasm,sarcasm
test:00006183,sarcasm,sarcasm
test:00006184,sarcasm,sarcasm
test:00006185,sarcasm,sarcasm
test:00006186,sarcasm,sarcasm
test:00006187,sarcasm,sarcasm
test:00006188,sarcasm,sarcasm
test:00006189,sarcasm,sarcasm
test:00006190,sarcasm,sarcasm
test:00006191,sarcasm,sarcasm
test:00006192,sarcasm,sarcasm
test:00006193,sarcasm,sarcasm
test:00006194,sarcasm,sarcasm
test:00006195,sarcasm,irony
test:00006196,sarcasm,sarcasm
test:00006197,sarcasm,sarcasm
test:00006198,sarcasm,sarcasm
test:00006199,sarcasm,sarcasm
test:00006200,sarcasm,irony
test:00006201,sarcasm,regular
test:00006202,sarcasm,sarcasm
test:00006203,sarcasm,sarcasm
test:00006204,sarcasm,sarcasm
test:00006205,sarcasm,sarcasm
test:00006206,sarcasm,irony
test:00006207,sarcasm,sarcasm
test:00006208,sarcasm,sarcasm
test:00006209,sarcasm,irony
test:00006210,sarcasm,sarcasm
test:00006211,sarcasm,sarcasm
test:00006212,sarcasm,irony
test:00006213,sarcasm,sarcasm
test:00006214,sarcasm,sarcasm
test:00006215,sarcasm,sarcasm
test:00006216,sarcasm,sarcasm
test:00006217,sarcasm,sarcasm
test:00006218,sarcasm,sarcasm
test:00006219,sarcasm,sarcasm
test:00006220,sarcasm,sarcasm
test:00006221,sarcasm,sarcasm
test:00006222,sarcasm,sarcasm
test:00006223,sarcasm,sarcasm
test:00006224,sarcasm,sarcasm
test:00006225,sarcasm,sarcasm
test:00006226,sarcasm,sarcasm
test:00006227,sarcasm,sarcasm
test:00006228,sarcasm,sarcasm
test:00006229,sarcasm,sarcasm
test:00006230,sarcasm,sarcasm
test:00006231,sarcasm,sarcasm
test:00006232,sarcasm,irony
test:00006233,sarcasm,irony
test:00006234,sarcasm,regular
test:00006235,sarcasm,sarcasm
test:00006236,sarcasm,sarcasm
test:00006237,sarcasm,sarcasm
test:00006238,sarcasm,sarcasm
test:00006239,sarcasm,sarcasm
test:00006240,sarcasm,sarcasm
test:00006241,sarcasm,sarcasm
test:00006242,sarcasm,sarcasm
test:00006243,sarcasm,sarcasm
test:00006244,sarcasm,sarcasm
test:00006245,sarcasm,sarcasm
test:00006246,sarcasm,sarcasm
test:00006247,sarcasm,sarcasm
test:00006248,sarcasm,sarcasm
test:00006249,sarcasm,sarcasm
test:00006250,sarcasm,sarcasm
test:00006251,sarcasm,sarcasm
test:00006252,sarcasm,sarcasm
test:00006253,sarcasm,irony
test:00006254,sarcasm,irony
test:00006255,sarcasm,sarcasm
test:00006256,sarcasm,irony
test:00006257,sarcasm,sarcasm
test:00006258,sarcasm,irony
test:00006259,sarcasm,sarcasm
test:00006260,sarcasm,sarcasm
test:00006261,sarcasm,irony
test:00006262,sarcasm,sarcasm
test:00006263,sarcasm,sarcasm
test:00006264,sarcasm,sarcasm
test:00006265,sarcasm,irony
test:00006266,sarcasm,irony
test:00006267,sarcasm,sarcasm
test:00006268,sarcasm,sarcasm
test:00006269,sarcasm,sarcasm
test:00006270,sarcasm,irony
test:00006271,sarcasm,sarcasm
test:00006272,sarcasm,sarcasm
test:00006273,sarcasm,sarcasm
test:00006274,sarcasm,irony
test:00006275,sarcasm,sarcasm
test:00006276,sarcasm,irony
test:00006277,sarcasm,sarcasm
test:00006278,sarcasm,sarcasm
test:00006279,sarcasm,sarcasm
test:00006280,sarcasm,sarcasm
test:00006281,sarcasm,sarcasm
test:00006282,sarcasm,sarcasm
test:00006283,sarcasm,sarcasm
test:00006284,sarcasm,sarcasm
test:00006285,sarcasm,sarcasm
test:00006286,sarcasm,sarcasm
test:00006287,sarcasm,irony
test:00006288,sarcasm,sarcasm
test:00006289,sarcasm,sarcasm
test:00006290,sarcasm,irony
test:00006291,sarcasm,sarcasm
test:00006292,sarcasm,sarcasm
test:00006293,sarcasm,sarcasm
test:00006294,sarcasm,sarcasm
test:00006295,sarcasm,irony
test:00006296,sarcasm,sarcasm
test:00006297,sarcasm,sarcasm
test:00006298,sarcasm,irony
test:00006299,sarcasm,sarcasm
test:00006300,sarcasm,irony
test:00006301,sarcasm,sarcasm
test:00006302,sarcasm,irony
test:00006303,sarcasm,sarcasm
test:00006304,sarcasm,sarcasm
test:00006305,sarcasm,sarcasm
test:00006306,sarcasm,sarcasm
test:00006307,sarcasm,sarcasm
test:00006308,sarcasm,sarcasm
test:00006309,sarcasm,sarcasm
test:00006310,sarcasm,sarcasm
test:00006311,sarcasm,sarcasm
test:00006312,sarcasm,sarcasm
test:00006313,sarcasm,sarcasm
test:00006314,sarcasm,irony
test:00006315,sarcasm,sarcasm
test:00006316,sarcasm,irony
test:00006317,sarcasm,sarcasm
test:00006318,sarcasm,sarcasm
test:00006319,sarcasm,sarcasm
test:00006320,sarcasm,irony
test:00006321,sarcasm,irony
test:00006322,sarcasm,sarcasm
test:00006323,sarcasm,sarcasm
test:00006324,sarcasm,sarcasm
test:00006325,sarcasm,sarcasm
test:00006326,sarcasm,sarcasm
test:00006327,sarcasm,sarcasm
test:00006328,sarcasm,sarcasm
test:00006329,sarcasm,sarcasm
test:00006330,sarcasm,irony
test:00006331,sarcasm,irony
test:00006332,sarcasm,sarcasm
test:00006333,sarcasm,irony
test:00006334,sarcasm,sarcasm
test:00006335,sarcasm,irony
test:00006336,sarcasm,sarcasm
test:00006337,sarcasm,sarcasm
test:00006338,sarcasm,sarcasm
test:00006339,sarcasm,sarcasm
test:00006340,sarcasm,sarcasm
test:00006341,sarcasm,sarcasm
test:00006342,sarcasm,irony
test:00006343,sarcasm,sarcasm
test:00006344,sarcasm,irony
test:00006345,sarcasm,sarcasm
test:00006346,sarcasm,sarcasm
test:00006347,sarcasm,sarcasm
test:00006348,sarcasm,irony
test:00006349,sarcasm,sarcasm
test:00006350,sarcasm,sarcasm
test:00006351,sarcasm,sarcasm
test:00006352,sarcasm,irony
test:00006353,sarcasm,sarcasm
test:00006354,sarcasm,sarcasm
test:00006355,sarcasm,sarcasm
test:00006356,sarcasm,sarcasm
test:00006357,sarcasm,irony
test:00006358,sarcasm,sarcasm
test:00006359,sarcasm,sarcasm
test:00006360,sarcasm,sarcasm
test:00006361,sarcasm,sarcasm
test:00006362,sarcasm,sarcasm
test:00006363,sarcasm,irony
test:00006364,sarcasm,sarcasm
test:00006365,sarcasm,sarcasm
test:00006366,sarcasm,sarcasm
test:00006367,sarcasm,irony
test:00006368,sarcasm,sarcasm
test:00006369,sarcasm,sarcasm
test:00006370,sarcasm,sarcasm
test:00006371,sarcasm,sarcasm
test:00006372,sarcasm,regular
test:00006373,sarcasm,sarcasm
test:00006374,sarcasm,irony
test:00006375,sarcasm,irony
test:00006376,sarcasm,sarcasm
test:00006377,sarcasm,sarcasm
test:00006378,sarcasm,sarcasm
test:00006379,sarcasm,sarcasm
test:00006380,sarcasm,irony
test:00006381,sarcasm,sarcasm
test:00006382,sarcasm,irony
test:00006383,sarcasm,sarcasm
test:00006384,sarcasm,sarcasm
test:00006385,sarcasm,sarcasm
test:00006386,sarcasm,sarcasm
test:00006387,sarcasm,sarcasm
test:00006388,sarcasm,sarcasm
test:00006389,sarcasm,irony
test:00006390,sarcasm,sarcasm
test:00006391,sarcasm,sarcasm
test:00006392,sarcasm,irony
test:00006393,sarcasm,sarcasm
test:00006394,sarcasm,sarcasm
test:00006395,sarcasm,sarcasm
test:00006396,sarcasm,sarcasm
test:00006397,sarcasm,sarcasm
test:00006398,sarcasm,sarcasm
test:00006399,sarcasm,irony
test:00006400,sarcasm,sarcasm
test:00006401,sarcasm,sarcasm
test:00006402,sarcasm,sarcasm
test:00006403,sarcasm,irony
test:00006404,sarcasm,regular
test:00006405,sarcasm,irony
test:00006406,sarcasm,sarcasm
test:00006407,sarcasm,irony
test:00006408,sarcasm,sarcasm
test:00006409,sarcasm,irony
test:00006410,sarcasm,sarcasm
test:00006411,sarcasm,sarcasm
test:00006412,sarcasm,sarcasm
test:00006413,sarcasm,irony
test:00006414,sarcasm,sarcasm
test:00006415,sarcasm,sarcasm
test:00006416,sarcasm,sarcasm
test:00006417,sarcasm,sarcasm
test:00006418,sarcasm,sarcasm
test:00006419,sarcasm,sarcasm
test:00006420,sarcasm,sarcasm
test:00006421,sarcasm,sarcasm
test:00006422,sarcasm,irony
test:00006423,sarcasm,sarcasm
test:00006424,sarcasm,sarcasm
test:00006425,sarcasm,sarcasm
test:00006426,sarcasm,irony
test:00006427,sarcasm,sarcasm
test:00006428,sarcasm,sarcasm
test:00006429,sarcasm,regular
test:00006430,sarcasm,sarcasm
test:00006431,sarcasm,sarcasm
test:00006432,sarcasm,irony
test:00006433,sarcasm,sarcasm
test:00006434,sarcasm,irony
test:00006435,sarcasm,sarcasm
test:00006436,sarcasm,irony
test:00006437,sarcasm,sarcasm
test:00006438,sarcasm,irony
test:00006439,sarcasm,irony
test:00006440,sarcasm,sarcasm
test:00006441,sarcasm,sarcasm
test:00006442,sarcasm,sarcasm
test:00006443,sarcasm,sarcasm
test:00006444,sarcasm,irony
test:00006445,sarcasm,sarcasm
test:00006446,sarcasm,sarcasm
test:00006447,sarcasm,sarcasm
test:00006448,sarcasm,sarcasm
test:00006449,sarcasm,sarcasm
test:00006450,sarcasm,sarcasm
test:00006451,sarcasm,sarcasm
test:00006452,sarcasm,sarcasm
test:00006453,sarcasm,sarcasm
test:00006454,sarcasm,sarcasm
test:00006455,sarcasm,sarcasm
test:00006456,sarcasm,irony
test:00006457,sarcasm,sarcasm
test:00006458,sarcasm,sarcasm
test:00006459,sarcasm,sarcasm
test:00006460,sarcasm,sarcasm
test:00006461,sarcasm,sarcasm
test:00006462,sarcasm,sarcasm
test:00006463,sarcasm,sarcasm
test:00006464,sarcasm,sarcasm
test:00006465,sarcasm,sarcasm
test:00006466,sarcasm,sarcasm
test:00006467,sarcasm,irony
test:00006468,sarcasm,sarcasm
test:00006469,sarcasm,sarcasm
test:00006470,sarcasm,sarcasm
test:00006471,sarcasm,sarcasm
test:00006472,sarcasm,sarcasm
test:00006473,sarcasm,irony
test:00006474,sarcasm,sarcasm
test:00006475,sarcasm,sarcasm
test:00006476,sarcasm,sarcasm
test:00006477,sarcasm,irony
test:00006478,sarcasm,sarcasm
test:00006479,sarcasm,sarcasm
test:00006480,sarcasm,sarcasm
test:00006481,sarcasm,sarcasm
test:00006482,sarcasm,irony
test:00006483,sarcasm,sarcasm
test:00006484,sarcasm,sarcasm
test:00006485,sarcasm,sarcasm
test:00006486,sarcasm,sarcasm
test:00006487,sarcasm,sarcasm
test:00006488,sarcasm,sarcasm
test:00006489,sarcasm,sarcasm
test:00006490,sarcasm,sarcasm
test:00006491,sarcasm,irony
test:00006492,sarcasm,irony
test:00006493,sarcasm,sarcasm
test:00006494,sarcasm,sarcasm
test:00006495,sarcasm,sarcasm
test:00006496,sarcasm,sarcasm
test:00006497,sarcasm,sarcasm
test:00006498,sarcasm,sarcasm
test:00006499,sarcasm,irony
test:00006500,sarcasm,sarcasm
test:00006501,sarcasm,sarcasm
test:00006502,sarcasm,sarcasm
test:00006503,sarcasm,irony
test:00006504,sarcasm,irony
test:00006505,sarcasm,irony
test:00006506,sarcasm,sarcasm
test:00006507,sarcasm,sarcasm
test:00006508,sarcasm,sarcasm
test:00006509,sarcasm,sarcasm
test:00006510,sarcasm,irony
test:00006511,sarcasm,irony
test:00006512,sarcasm,sarcasm
test:00006513,sarcasm,sarcasm
test:00006514,sarcasm,irony
test:00006515,sarcasm,irony
test:00006516,sarcasm,sarcasm
test:00006517,sarcasm,irony
test:00006518,sarcasm,irony
test:00006519,sarcasm,irony
test:00006520,sarcasm,sarcasm
test:00006521,sarcasm,sarcasm
test:00006522,sarcasm,sarcasm
test:00006523,sarcasm,irony
test:00006524,sarcasm,irony
test:00006525,sarcasm,sarcasm
test:00006526,sarcasm,regular
test:00006527,sarcasm,sarcasm
test:00006528,sarcasm,sarcasm
test:00006529,sarcasm,sarcasm
test:00006530,sarcasm,irony
test:00006531,sarcasm,sarcasm
test:00006532,sarcasm,sarcasm
test:00006533,sarcasm,sarcasm
test:00006534,sarcasm,regular
test:00006535,sarcasm,sarcasm
test:00006536,sarcasm,irony
test:00006537,sarcasm,sarcasm
test:00006538,sarcasm,sarcasm
test:00006539,sarcasm,sarcasm
test:00006540,sarcasm,sarcasm
test:00006541,sarcasm,irony
test:00006542,sarcasm,sarcasm
test:00006543,sarcasm,sarcasm
test:00006544,sarcasm,irony
test:00006545,sarcasm,regular
test:00006546,sarcasm,sarcasm
test:00006547,sarcasm,sarcasm
test:00006548,sarcasm,irony
test:00006549,sarcasm,irony
test:00006550,sarcasm,irony
test:00006551,sarcasm,sarcasm
test:00006552,sarcasm,sarcasm
test:00006553,sarcasm,irony
test:00006554,sarcasm,sarcasm
test:00006555,sarcasm,sarcasm
test:00006556,sarcasm,sarcasm
test:00006557,sarcasm,sarcasm
test:00006558,sarcasm,irony
test:00006559,sarcasm,sarcasm
test:00006560,sarcasm,sarcasm
test:00006561,sarcasm,irony
test:00006562,sarcasm,sarcasm
test:00006563,sarcasm,irony
test:00006564,sarcasm,sarcasm
test:00006565,sarcasm,sarcasm
test:00006566,sarcasm,sarcasm
test:00006567,sarcasm,sarcasm
test:00006568,sarcasm,irony
test:00006569,sarcasm,sarcasm
test:00006570,sarcasm,sarcasm
test:00006571,sarcasm,irony
test:00006572,sarcasm,sarcasm
test:00006573,sarcasm,sarcasm
test:00006574,sarcasm,sarcasm
test:00006575,sarcasm,sarcasm
test:00006576,sarcasm,regular
test:00006577,sarcasm,sarcasm
test:00006578,sarcasm,irony
test:00006579,sarcasm,sarcasm
test:00006580,sarcasm,irony
test:00006581,sarcasm,sarcasm
test:00006582,sarcasm,sarcasm
test:00006583,sarcasm,irony
test:00006584,sarcasm,sarcasm
test:00006585,sarcasm,irony
test:00006586,sarcasm,sarcasm
test:00006587,sarcasm,sarcasm
test:00006588,sarcasm,sarcasm
test:00006589,sarcasm,irony
test:00006590,sarcasm,sarcasm
test:00006591,sarcasm,sarcasm
test:00006592,sarcasm,sarcasm
test:00006593,sarcasm,sarcasm
test:00006594,sarcasm,irony
test:00006595,sarcasm,irony
test:00006596,sarcasm,sarcasm
test:00006597,sarcasm,sarcasm
test:00006598,sarcasm,sarcasm
test:00006599,sarcasm,sarcasm
test:00006600,sarcasm,irony
test:00006601,sarcasm,irony
test:00006602,sarcasm,sarcasm
test:00006603,sarcasm,irony
test:00006604,sarcasm,sarcasm
test:00006605,sarcasm,irony
test:00006606,sarcasm,sarcasm
test:00006607,sarcasm,irony
test:00006608,sarcasm,sarcasm
test:00006609,sarcasm,sarcasm
test:00006610,sarcasm,sarcasm
test:00006611,sarcasm,irony
test:00006612,sarcasm,irony
test:00006613,sarcasm,sarcasm
test:00006614,sarcasm,sarcasm
test:00006615,sarcasm,sarcasm
test:00006616,sarcasm,sarcasm
test:00006617,sarcasm,irony
test:00006618,sarcasm,irony
test:00006619,sarcasm,sarcasm
test:00006620,sarcasm,sarcasm
test:00006621,sarcasm,irony
test:00006622,sarcasm,irony
test:00006623,sarcasm,sarcasm
test:00006624,sarcasm,sarcasm
test:00006625,sarcasm,sarcasm
test:00006626,sarcasm,sarcasm
test:00006627,sarcasm,sarcasm
test:00006628,sarcasm,regular
test:00006629,sarcasm,irony
test:00006630,sarcasm,sarcasm
test:00006631,sarcasm,sarcasm
test:00006632,sarcasm,sarcasm
test:00006633,sarcasm,sarcasm
test:00006634,sarcasm,sarcasm
test:00006635,sarcasm,sarcasm
test:00006636,sarcasm,sarcasm
test:00006637,sarcasm,sarcasm
test:00006638,sarcasm,irony
test:00006639,sarcasm,sarcasm
test:00006640,sarcasm,sarcasm
test:00006641,sarcasm,sarcasm
test:00006642,sarcasm,sarcasm
test:00006643,sarcasm,sarcasm
test:00006644,sarcasm,sarcasm
test:00006645,sarcasm,sarcasm
test:00006646,sarcasm,sarcasm
test:00006647,sarcasm,sarcasm
test:00006648,sarcasm,sarcasm
test:00006649,sarcasm,sarcasm
test:00006650,sarcasm,irony
test:00006651,sarcasm,sarcasm
test:00006652,sarcasm,regular
test:00006653,sarcasm,sarcasm
test:00006654,sarcasm,irony
test:00006655,sarcasm,sarcasm
test:00006656,sarcasm,sarcasm
test:00006657,sarcasm,sarcasm
test:00006658,sarcasm,sarcasm
test:00006659,sarcasm,irony
test:00006660,sarcasm,sarcasm
test:00006661,sarcasm,irony
test:00006662,sarcasm,sarcasm
test:00006663,sarcasm,sarcasm
test:00006664,sarcasm,sarcasm
test:00006665,sarcasm,sarcasm
test:00006666,sarcasm,irony
test:00006667,sarcasm,sarcasm
test:00006668,sarcasm,regular
test:00006669,sarcasm,sarcasm
test:00006670,sarcasm,irony
test:00006671,sarcasm,irony
test:00006672,sarcasm,sarcasm
test:00006673,sarcasm,sarcasm
test:00006674,sarcasm,sarcasm
test:00006675,sarcasm,sarcasm
test:00006676,sarcasm,irony
test:00006677,sarcasm,sarcasm
test:00006678,sarcasm,sarcasm
test:00006679,sarcasm,sarcasm
test:00006680,sarcasm,irony
test:00006681,sarcasm,sarcasm
test:00006682,sarcasm,sarcasm
test:00006683,sarcasm,sarcasm
test:00006684,sarcasm,sarcasm
test:00006685,sarcasm,sarcasm
test:00006686,sarcasm,sarcasm
test:00006687,sarcasm,sarcasm
test:00006688,sarcasm,sarcasm
test:00006689,sarcasm,irony
test:00006690,sarcasm,irony
test:00006691,sarcasm,sarcasm
test:00006692,sarcasm,sarcasm
test:00006693,sarcasm,sarcasm
test:00006694,sarcasm,irony
test:00006695,sarcasm,sarcasm
test:00006696,sarcasm,sarcasm
test:00006697,sarcasm,sarcasm
test:00006698,sarcasm,sarcasm
test:00006699,sarcasm,sarcasm
test:00006700,sarcasm,sarcasm
test:00006701,sarcasm,sarcasm
test:00006702,sarcasm,sarcasm
test:00006703,sarcasm,irony
test:00006704,sarcasm,sarcasm
test:00006705,sarcasm,irony
test:00006706,sarcasm,irony
test:00006707,sarcasm,sarcasm
test:00006708,sarcasm,sarcasm
test:00006709,sarcasm,sarcasm
test:00006710,sarcasm,sarcasm
test:00006711,sarcasm,irony
test:00006712,sarcasm,sarcasm
test:00006713,sarcasm,irony
test:00006714,sarcasm,irony
test:00006715,sarcasm,sarcasm
test:00006716,sarcasm,sarcasm
test:00006717,sarcasm,sarcasm
test:00006718,sarcasm,sarcasm
test:00006719,sarcasm,irony
test:00006720,sarcasm,sarcasm
test:00006721,sarcasm,sarcasm
test:00006722,sarcasm,sarcasm
test:00006723,sarcasm,sarcasm
test:00006724,sarcasm,sarcasm
test:00006725,sarcasm,sarcasm
test:00006726,sarcasm,sarcasm
test:00006727,sarcasm,sarcasm
test:00006728,sarcasm,sarcasm
test:00006729,sarcasm,irony
test:00006730,sarcasm,sarcasm
test:00006731,sarcasm,irony
test:00006732,sarcasm,sarcasm
test:00006733,sarcasm,sarcasm
test:00006734,sarcasm,sarcasm
test:00006735,sarcasm,irony
test:00006736,sarcasm,sarcasm
test:00006737,sarcasm,irony
test:00006738,sarcasm,irony
test:00006739,sarcasm,irony
test:00006740,sarcasm,irony
test:00006741,sarcasm,sarcasm
test:00006742,sarcasm,irony
test:00006743,sarcasm,sarcasm
test:00006744,sarcasm,sarcasm
test:00006745,sarcasm,sarcasm
test:00006746,sarcasm,sarcasm
test:00006747,sarcasm,irony
test:00006748,sarcasm,sarcasm
test:00006749,sarcasm,irony
test:00006750,sarcasm,sarcasm
test:00006751,sarcasm,sarcasm
test:00006752,sarcasm,irony
test:00006753,sarcasm,sarcasm
test:00006754,sarcasm,sarcasm
test:00006755,sarcasm,sarcasm
test:00006756,sarcasm,sarcasm
test:00006757,sarcasm,sarcasm
test:00006758,sarcasm,sarcasm
test:00006759,sarcasm,irony
test:00006760,sarcasm,sarcasm
test:00006761,sarcasm,sarcasm
test:00006762,sarcasm,sarcasm
test:00006763,sarcasm,sarcasm
test:00006764,sarcasm,irony
test:00006765,sarcasm,sarcasm
test:00006766,sarcasm,sarcasm
test:00006767,sarcasm,sarcasm
test:00006768,sarcasm,sarcasm
test:00006769,sarcasm,sarcasm
test:00006770,sarcasm,sarcasm
test:00006771,sarcasm,sarcasm
test:00006772,sarcasm,sarcasm
test:00006773,sarcasm,sarcasm
test:00006774,sarcasm,sarcasm
test:00006775,sarcasm,sarcasm
test:00006776,sarcasm,sarcasm
test:00006777,sarcasm,sarcasm
test:00006778,sarcasm,sarcasm
test:00006779,sarcasm,sarcasm
test:00006780,sarcasm,sarcasm
test:00006781,sarcasm,sarcasm
test:00006782,sarcasm,sarcasm
test:00006783,sarcasm,irony
test:00006784,sarcasm,sarcasm
test:00006785,sarcasm,sarcasm
test:00006786,sarcasm,irony
test:00006787,sarcasm,sarcasm
test:00006788,sarcasm,sarcasm
test:00006789,sarcasm,irony
test:00006790,sarcasm,irony
test:00006791,sarcasm,sarcasm
test:00006792,sarcasm,irony
test:00006793,sarcasm,irony
test:00006794,sarcasm,sarcasm
test:00006795,sarcasm,sarcasm
test:00006796,sarcasm,regular
test:00006797,sarcasm,sarcasm
test:00006798,sarcasm,irony
test:00006799,sarcasm,sarcasm
test:00006800,sarcasm,regular
test:00006801,sarcasm,sarcasm
test:00006802,sarcasm,regular
test:00006803,sarcasm,sarcasm
test:00006804,sarcasm,sarcasm
test:00006805,sarcasm,irony
test:00006806,sarcasm,sarcasm
test:00006807,sarcasm,irony
test:00006808,sarcasm,sarcasm
test:00006809,sarcasm,sarcasm
test:00006810,sarcasm,regular
test:00006811,sarcasm,irony
test:00006812,sarcasm,irony
test:00006813,sarcasm,sarcasm
test:00006814,sarcasm,irony
test:00006815,sarcasm,sarcasm
test:00006816,sarcasm,irony
test:00006817,sarcasm,sarcasm
test:00006818,sarcasm,sarcasm
test:00006819,sarcasm,irony
test:00006820,sarcasm,regular
test:00006821,sarcasm,irony
test:00006822,sarcasm,sarcasm
test:00006823,sarcasm,regular
test:00006824,sarcasm,sarcasm
test:00006825,sarcasm,regular
test:00006826,sarcasm,irony
test:00006827,sarcasm,sarcasm
test:00006828,sarcasm,regular
test:00006829,sarcasm,sarcasm
test:00006830,sarcasm,regular
test:00006831,sarcasm,sarcasm
test:00006832,sarcasm,regular
test:00006833,sarcasm,irony
test:00006834,sarcasm,regular
test:00006835,sarcasm,regular
test:00006836,sarcasm,sarcasm
test:00006837,sarcasm,regular
test:00006838,sarcasm,sarcasm
test:00006839,sarcasm,sarcasm
test:00006840,sarcasm,sarcasm
test:00006841,sarcasm,regular
test:00006842,sarcasm,sarcasm
test:00006843,sarcasm,sarcasm
test:00006844,sarcasm,irony
test:00006845,sarcasm,irony
test:00006846,sarcasm,sarcasm
test:00006847,sarcasm,sarcasm
test:00006848,sarcasm,sarcasm
test:00006849,sarcasm,irony
test:00006850,sarcasm,regular
test:00006851,sarcasm,regular
test:00006852,sarcasm,sarcasm
test:00006853,sarcasm,irony
test:00006854,sarcasm,regular
test:00006855,sarcasm,irony
test:00006856,sarcasm,sarcasm
test:00006857,sarcasm,sarcasm
test:00006858,sarcasm,irony
test:00006859,sarcasm,sarcasm
test:00006860,sarcasm,sarcasm
test:00006861,sarcasm,sarcasm
test:00006862,sarcasm,sarcasm
test:00006863,sarcasm,irony
test:00006864,sarcasm,irony
test:00006865,sarcasm,sarcasm
test:00006866,sarcasm,sarcasm
test:00006867,sarcasm,sarcasm
test:00006868,sarcasm,sarcasm
test:00006869,sarcasm,sarcasm
test:00006870,sarcasm,irony
test:00006871,sarcasm,irony
test:00006872,sarcasm,sarcasm
test:00006873,sarcasm,sarcasm
test:00006874,sarcasm,irony
test:00006875,sarcasm,sarcasm
test:00006876,sarcasm,sarcasm
test:00006877,sarcasm,sarcasm
test:00006878,sarcasm,sarcasm
test:00006879,sarcasm,sarcasm
test:00006880,sarcasm,sarcasm
test:00006881,sarcasm,sarcasm
test:00006882,sarcasm,sarcasm
test:00006883,sarcasm,sarcasm
test:00006884,sarcasm,sarcasm
test:00006885,sarcasm,sarcasm
test:00006886,sarcasm,sarcasm
test:00006887,sarcasm,sarcasm
test:00006888,sarcasm,sarcasm
test:00006889,sarcasm,sarcasm
test:00006890,sarcasm,sarcasm
test:00006891,sarcasm,sarcasm
test:00006892,sarcasm,regular
test:00006893,sarcasm,sarcasm
test:00006894,sarcasm,sarcasm
test:00006895,sarcasm,irony
test:00006896,sarcasm,sarcasm
test:00006897,sarcasm,sarcasm
test:00006898,sarcasm,sarcasm
test:00006899,sarcasm,sarcasm
test:00006900,sarcasm,sarcasm
test:00006901,sarcasm,sarcasm
test:00006902,sarcasm,sarcasm
test:00006903,sarcasm,sarcasm
test:00006904,sarcasm,irony
test:00006905,sarcasm,sarcasm
test:00006906,sarcasm,irony
test:00006907,sarcasm,sarcasm
test:00006908,sarcasm,irony
test:00006909,sarcasm,sarcasm
test:00006910,sarcasm,sarcasm
test:00006911,sarcasm,sarcasm
test:00006912,sarcasm,sarcasm
test:00006913,sarcasm,irony
test:00006914,sarcasm,sarcasm
test:00006915,sarcasm,irony
test:00006916,sarcasm,sarcasm
test:00006917,sarcasm,sarcasm
test:00006918,sarcasm,sarcasm
test:00006919,sarcasm,sarcasm
test:00006920,sarcasm,irony
test:00006921,sarcasm,irony
test:00006922,sarcasm,sarcasm
test:00006923,sarcasm,irony
test:00006924,sarcasm,sarcasm
test:00006925,sarcasm,irony
test:00006926,sarcasm,sarcasm
test:00006927,sarcasm,sarcasm
test:00006928,sarcasm,sarcasm
test:00006929,sarcasm,sarcasm
test:00006930,sarcasm,sarcasm
test:00006931,sarcasm,sarcasm
test:00006932,sarcasm,irony
test:00006933,sarcasm,irony
test:00006934,sarcasm,irony
test:00006935,sarcasm,sarcasm
test:00006936,sarcasm,irony
test:00006937,sarcasm,sarcasm
test:00006938,sarcasm,irony
test:00006939,sarcasm,sarcasm
test:00006940,sarcasm,regular
test:00006941,sarcasm,sarcasm
test:00006942,sarcasm,irony
test:00006943,sarcasm,sarcasm
test:00006944,sarcasm,irony
test:00006945,sarcasm,sarcasm
test:00006946,sarcasm,sarcasm
test:00006947,sarcasm,sarcasm
test:00006948,sarcasm,sarcasm
test:00006949,sarcasm,sarcasm
test:00006950,sarcasm,irony
test:00006951,sarcasm,irony
test:00006952,sarcasm,sarcasm
test:00006953,sarcasm,sarcasm
test:00006954,sarcasm,sarcasm
test:00006955,sarcasm,irony
test:00006956,sarcasm,sarcasm
test:00006957,sarcasm,sarcasm
test:00006958,sarcasm,sarcasm
test:00006959,sarcasm,sarcasm
test:00006960,sarcasm,sarcasm
test:00006961,sarcasm,sarcasm
test:00006962,sarcasm,sarcasm
test:00006963,sarcasm,sarcasm
test:00006964,sarcasm,sarcasm
test:00006965,sarcasm,sarcasm
test:00006966,sarcasm,sarcasm
test:00006967,sarcasm,sarcasm
test:00006968,sarcasm,sarcasm
test:00006969,sarcasm,irony
test:00006970,sarcasm,sarcasm
test:00006971,sarcasm,sarcasm
test:00006972,sarcasm,sarcasm
test:00006973,sarcasm,sarcasm
test:00006974,sarcasm,sarcasm
test:00006975,sarcasm,irony
test:00006976,sarcasm,sarcasm
test:00006977,sarcasm,regular
test:00006978,sarcasm,sarcasm
test:00006979,sarcasm,sarcasm
test:00006980,sarcasm,sarcasm
test:00006981,sarcasm,irony
test:00006982,sarcasm,sarcasm
test:00006983,sarcasm,sarcasm
test:00006984,sarcasm,irony
test:00006985,sarcasm,sarcasm
test:00006986,sarcasm,sarcasm
test:00006987,sarcasm,sarcasm
test:00006988,sarcasm,sarcasm
test:00006989,sarcasm,sarcasm
test:00006990,sarcasm,irony
test:00006991,sarcasm,sarcasm
test:00006992,sarcasm,sarcasm
test:00006993,sarcasm,sarcasm
test:00006994,sarcasm,sarcasm
test:00006995,sarcasm,sarcasm
test:00006996,sarcasm,sarcasm
test:00006997,sarcasm,sarcasm
test:00006998,sarcasm,sarcasm
test:00006999,sarcasm,sarcasm
test:00007000,sarcasm,sarcasm
test:00007001,sarcasm,sarcasm
test:00007002,sarcasm,sarcasm
test:00007003,sarcasm,sarcasm
test:00007004,sarcasm,sarcasm
test:00007005,sarcasm,sarcasm
test:00007006,sarcasm,sarcasm
test:00007007,sarcasm,sarcasm
test:00007008,sarcasm,irony
test:00007009,sarcasm,sarcasm
test:00007010,sarcasm,sarcasm
test:00007011,sarcasm,sarcasm
test:00007012,sarcasm,irony
test:00007013,sarcasm,sarcasm
test:00007014,sarcasm,irony
test:00007015,sarcasm,sarcasm
test:00007016,sarcasm,irony
test:00007017,sarcasm,sarcasm
test:00007018,sarcasm,sarcasm
test:00007019,sarcasm,sarcasm
test:00007020,sarcasm,irony
test:00007021,sarcasm,sarcasm
test:00007022,sarcasm,sarcasm
test:00007023,sarcasm,sarcasm
test:00007024,sarcasm,irony
test:00007025,sarcasm,sarcasm
test:00007026,sarcasm,sarcasm
test:00007027,sarcasm,sarcasm
test:00007028,sarcasm,sarcasm
test:00007029,sarcasm,sarcasm
test:00007030,sarcasm,sarcasm
test:00007031,sarcasm,sarcasm
test:00007032,sarcasm,sarcasm
test:00007033,sarcasm,irony
test:00007034,sarcasm,sarcasm
test:00007035,sarcasm,irony
test:00007036,sarcasm,sarcasm
test:00007037,sarcasm,sarcasm
test:00007038,sarcasm,sarcasm
test:00007039,sarcasm,sarcasm
test:00007040,sarcasm,sarcasm
test:00007041,sarcasm,sarcasm
test:00007042,sarcasm,irony
test:00007043,sarcasm,irony
test:00007044,sarcasm,irony
test:00007045,sarcasm,sarcasm
test:00007046,sarcasm,sarcasm
test:00007047,sarcasm,sarcasm
test:00007048,sarcasm,sarcasm
test:00007049,sarcasm,irony
test:00007050,sarcasm,irony
test:00007051,sarcasm,irony
test:00007052,sarcasm,irony
test:00007053,sarcasm,irony
test:00007054,sarcasm,sarcasm
test:00007055,sarcasm,irony
test:00007056,sarcasm,irony
test:00007057,sarcasm,sarcasm
test:00007058,sarcasm,sarcasm
test:00007059,sarcasm,sarcasm
test:00007060,sarcasm,sarcasm
test:00007061,sarcasm,sarcasm
test:00007062,sarcasm,irony
test:00007063,sarcasm,sarcasm
test:00007064,sarcasm,sarcasm
test:00007065,sarcasm,irony
test:00007066,sarcasm,sarcasm
test:00007067,sarcasm,sarcasm
test:00007068,sarcasm,sarcasm
test:00007069,sarcasm,sarcasm
test:00007070,sarcasm,sarcasm
test:00007071,sarcasm,sarcasm
test:00007072,sarcasm,sarcasm
test:00007073,sarcasm,sarcasm
test:00007074,sarcasm,sarcasm
test:00007075,sarcasm,sarcasm
test:00007076,sarcasm,irony
test:00007077,sarcasm,irony
test:00007078,sarcasm,sarcasm
test:00007079,sarcasm,sarcasm
test:00007080,sarcasm,sarcasm
test:00007081,sarcasm,sarcasm
test:00007082,sarcasm,irony
test:00007083,sarcasm,regular
test:00007084,sarcasm,sarcasm
test:00007085,sarcasm,irony
test:00007086,sarcasm,sarcasm
test:00007087,sarcasm,irony
test:00007088,sarcasm,regular
test:00007089,sarcasm,sarcasm
test:00007090,sarcasm,sarcasm
test:00007091,sarcasm,sarcasm
test:00007092,sarcasm,sarcasm
test:00007093,sarcasm,sarcasm
test:00007094,sarcasm,sarcasm
test:00007095,sarcasm,sarcasm
test:00007096,sarcasm,sarcasm
test:00007097,sarcasm,sarcasm
test:00007098,sarcasm,sarcasm
test:00007099,sarcasm,sarcasm
test:00007100,sarcasm,sarcasm
test:00007101,sarcasm,sarcasm
test:00007102,sarcasm,sarcasm
test:00007103,sarcasm,irony
test:00007104,sarcasm,irony
test:00007105,sarcasm,sarcasm
test:00007106,sarcasm,irony
test:00007107,sarcasm,sarcasm
test:00007108,sarcasm,irony
test:00007109,sarcasm,sarcasm
test:00007110,sarcasm,irony
test:00007111,sarcasm,irony
test:00007112,sarcasm,sarcasm
test:00007113,sarcasm,irony
test:00007114,sarcasm,sarcasm
test:00007115,sarcasm,sarcasm
test:00007116,sarcasm,irony
test:00007117,sarcasm,sarcasm
test:00007118,sarcasm,sarcasm
test:00007119,sarcasm,sarcasm
test:00007120,sarcasm,sarcasm
test:00007121,sarcasm,sarcasm
test:00007122,sarcasm,irony
test:00007123,sarcasm,sarcasm
test:00007124,sarcasm,sarcasm
test:00007125,sarcasm,sarcasm
test:00007126,sarcasm,sarcasm
test:00007127,sarcasm,sarcasm
test:00007128,sarcasm,sarcasm
test:00007129,sarcasm,sarcasm
test:00007130,sarcasm,irony
test:00007131,sarcasm,irony
test:00007132,sarcasm,sarcasm
test:00007133,sarcasm,irony
test:00007134,sarcasm,sarcasm
test:00007135,sarcasm,irony
test:00007136,sarcasm,sarcasm
test:00007137,sarcasm,sarcasm
test:00007138,sarcasm,sarcasm
test:00007139,sarcasm,sarcasm
test:00007140,sarcasm,sarcasm
test:00007141,sarcasm,sarcasm
test:00007142,sarcasm,sarcasm
test:00007143,sarcasm,sarcasm
test:00007144,sarcasm,sarcasm
test:00007145,sarcasm,irony
test:00007146,sarcasm,sarcasm
test:00007147,sarcasm,sarcasm
test:00007148,sarcasm,irony
test:00007149,sarcasm,sarcasm
test:00007150,sarcasm,sarcasm
test:00007151,sarcasm,sarcasm
test:00007152,sarcasm,irony
test:00007153,sarcasm,sarcasm
test:00007154,sarcasm,sarcasm
test:00007155,sarcasm,regular
test:00007156,sarcasm,sarcasm
test:00007157,sarcasm,sarcasm
test:00007158,sarcasm,sarcasm
test:00007159,sarcasm,sarcasm
test:00007160,sarcasm,sarcasm
test:00007161,sarcasm,sarcasm
test:00007162,sarcasm,sarcasm
test:00007163,sarcasm,irony
test:00007164,sarcasm,sarcasm
test:00007165,sarcasm,sarcasm
test:00007166,sarcasm,sarcasm
test:00007167,sarcasm,sarcasm
test:00007168,sarcasm,irony
test:00007169,sarcasm,sarcasm
test:00007170,sarcasm,irony
test:00007171,sarcasm,sarcasm
test:00007172,sarcasm,sarcasm
test:00007173,sarcasm,sarcasm
test:00007174,sarcasm,irony
test:00007175,sarcasm,sarcasm
test:00007176,sarcasm,sarcasm
test:00007177,sarcasm,sarcasm
test:00007178,sarcasm,sarcasm
test:00007179,sarcasm,sarcasm
test:00007180,sarcasm,sarcasm
test:00007181,sarcasm,sarcasm
test:00007182,sarcasm,irony
test:00007183,sarcasm,irony
test:00007184,sarcasm,irony
test:00007185,sarcasm,sarcasm
test:00007186,sarcasm,sarcasm
test:00007187,sarcasm,sarcasm
test:00007188,sarcasm,sarcasm
test:00007189,sarcasm,sarcasm
test:00007190,sarcasm,sarcasm
test:00007191,sarcasm,irony
test:00007192,sarcasm,sarcasm
test:00007193,sarcasm,sarcasm
test:00007194,sarcasm,irony
test:00007195,sarcasm,sarcasm
test:00007196,sarcasm,sarcasm
test:00007197,sarcasm,irony
test:00007198,sarcasm,sarcasm
test:00007199,sarcasm,sarcasm
test:00007200,sarcasm,sarcasm
test:00007201,sarcasm,sarcasm
test:00007202,sarcasm,sarcasm
test:00007203,sarcasm,irony
test:00007204,sarcasm,irony
test:00007205,sarcasm,sarcasm
test:00007206,sarcasm,sarcasm
test:00007207,sarcasm,sarcasm
test:00007208,sarcasm,sarcasm
test:00007209,sarcasm,irony
test:00007210,sarcasm,irony
test:00007211,sarcasm,sarcasm
test:00007212,sarcasm,sarcasm
test:00007213,sarcasm,sarcasm
test:00007214,sarcasm,irony
test:00007215,sarcasm,sarcasm
test:00007216,sarcasm,sarcasm
test:00007217,sarcasm,sarcasm
test:00007218,sarcasm,sarcasm
test:00007219,sarcasm,sarcasm
test:00007220,sarcasm,sarcasm
test:00007221,sarcasm,sarcasm
test:00007222,sarcasm,sarcasm
test:00007223,sarcasm,sarcasm
test:00007224,sarcasm,sarcasm
test:00007225,sarcasm,sarcasm
test:00007226,sarcasm,irony
test:00007227,sarcasm,sarcasm
test:00007228,sarcasm,sarcasm
test:00007229,sarcasm,sarcasm
test:00007230,sarcasm,sarcasm
test:00007231,sarcasm,sarcasm
test:00007232,sarcasm,sarcasm
test:00007233,sarcasm,sarcasm
test:00007234,sarcasm,sarcasm
test:00007235,sarcasm,sarcasm
test:00007236,sarcasm,sarcasm
test:00007237,sarcasm,sarcasm
test:00007238,sarcasm,irony
test:00007239,sarcasm,irony
test:00007240,sarcasm,sarcasm
test:00007241,sarcasm,sarcasm
test:00007242,sarcasm,sarcasm
test:00007243,sarcasm,sarcasm
test:00007244,sarcasm,sarcasm
test:00007245,sarcasm,irony
test:00007246,sarcasm,sarcasm
test:00007247,sarcasm,sarcasm
test:00007248,sarcasm,sarcasm
test:00007249,sarcasm,sarcasm
test:00007250,sarcasm,sarcasm
test:00007251,sarcasm,irony
test:00007252,sarcasm,sarcasm
test:00007253,sarcasm,sarcasm
test:00007254,sarcasm,sarcasm
test:00007255,sarcasm,sarcasm
test:00007256,sarcasm,sarcasm
test:00007257,sarcasm,sarcasm
test:00007258,sarcasm,irony
test:00007259,sarcasm,sarcasm
test:00007260,sarcasm,sarcasm
test:00007261,sarcasm,sarcasm
test:00007262,sarcasm,sarcasm
test:00007263,sarcasm,irony
test:00007264,sarcasm,sarcasm
test:00007265,sarcasm,irony
test:00007266,sarcasm,sarcasm
test:00007267,sarcasm,sarcasm
test:00007268,sarcasm,sarcasm
test:00007269,sarcasm,sarcasm
test:00007270,sarcasm,sarcasm
test:00007271,sarcasm,irony
test:00007272,sarcasm,sarcasm
test:00007273,sarcasm,sarcasm
test:00007274,sarcasm,sarcasm
test:00007275,sarcasm,sarcasm
test:00007276,sarcasm,irony
test:00007277,sarcasm,sarcasm
test:00007278,sarcasm,sarcasm
test:00007279,sarcasm,sarcasm
test:00007280,sarcasm,sarcasm
test:00007281,sarcasm,sarcasm
test:00007282,sarcasm,irony
test:00007283,sarcasm,irony
test:00007284,sarcasm,sarcasm
test:00007285,sarcasm,sarcasm
test:00007286,sarcasm,irony
test:00007287,sarcasm,sarcasm
test:00007288,sarcasm,irony
test:00007289,sarcasm,sarcasm
test:00007290,sarcasm,sarcasm
test:00007291,sarcasm,sarcasm
test:00007292,sarcasm,sarcasm
test:00007293,sarcasm,sarcasm
test:00007294,sarcasm,sarcasm
test:00007295,sarcasm,sarcasm
test:00007296,sarcasm,sarcasm
test:00007297,sarcasm,sarcasm
test:00007298,sarcasm,irony
test:00007299,sarcasm,sarcasm
test:00007300,sarcasm,irony
test:00007301,sarcasm,irony
test:00007302,sarcasm,sarcasm
test:00007303,sarcasm,sarcasm
test:00007304,sarcasm,sarcasm
test:00007305,sarcasm,irony
test:00007306,sarcasm,sarcasm
test:00007307,sarcasm,sarcasm
test:00007308,sarcasm,sarcasm
test:00007309,sarcasm,sarcasm
test:00007310,sarcasm,sarcasm
test:00007311,sarcasm,sarcasm
test:00007312,sarcasm,irony
test:00007313,sarcasm,sarcasm
test:00007314,sarcasm,irony
test:00007315,sarcasm,sarcasm
test:00007316,sarcasm,sarcasm
test:00007317,sarcasm,sarcasm
test:00007318,sarcasm,sarcasm
test:00007319,sarcasm,sarcasm
test:00007320,sarcasm,irony
test:00007321,sarcasm,sarcasm
test:00007322,sarcasm,sarcasm
test:00007323,sarcasm,sarcasm
test:00007324,sarcasm,sarcasm
test:00007325,sarcasm,sarcasm
test:00007326,sarcasm,sarcasm
test:00007327,sarcasm,sarcasm
test:00007328,sarcasm,irony
test:00007329,sarcasm,sarcasm
test:00007330,sarcasm,sarcasm
test:00007331,sarcasm,irony
test:00007332,sarcasm,sarcasm
test:00007333,sarcasm,sarcasm
test:00007334,sarcasm,irony
test:00007335,sarcasm,sarcasm
test:00007336,sarcasm,sarcasm
test:00007337,sarcasm,sarcasm
test:00007338,sarcasm,sarcasm
test:00007339,sarcasm,irony
test:00007340,sarcasm,sarcasm
test:00007341,sarcasm,sarcasm
test:00007342,sarcasm,sarcasm
test:00007343,sarcasm,sarcasm
test:00007344,sarcasm,regular
test:00007345,sarcasm,sarcasm
test:00007346,sarcasm,sarcasm
test:00007347,sarcasm,sarcasm
test:00007348,sarcasm,sarcasm
test:00007349,sarcasm,sarcasm
test:00007350,sarcasm,sarcasm
test:00007351,sarcasm,sarcasm
test:00007352,sarcasm,sarcasm
test:00007353,sarcasm,irony
test:00007354,sarcasm,irony
test:00007355,sarcasm,sarcasm
test:00007356,sarcasm,sarcasm
test:00007357,sarcasm,sarcasm
test:00007358,sarcasm,irony
test:00007359,sarcasm,irony
test:00007360,sarcasm,sarcasm
test:00007361,sarcasm,sarcasm
test:00007362,sarcasm,sarcasm
test:00007363,sarcasm,sarcasm
test:00007364,sarcasm,irony
test:00007365,sarcasm,sarcasm
test:00007366,sarcasm,sarcasm
test:00007367,sarcasm,sarcasm
test:00007368,sarcasm,sarcasm
test:00007369,sarcasm,irony
test:00007370,sarcasm,sarcasm
test:00007371,sarcasm,sarcasm
test:00007372,sarcasm,sarcasm
test:00007373,sarcasm,irony
test:00007374,sarcasm,sarcasm
test:00007375,sarcasm,sarcasm
test:00007376,sarcasm,irony
test:00007377,sarcasm,sarcasm
test:00007378,sarcasm,sarcasm
test:00007379,sarcasm,sarcasm
test:00007380,sarcasm,sarcasm
test:00007381,sarcasm,sarcasm
test:00007382,sarcasm,sarcasm
test:00007383,sarcasm,sarcasm
test:00007384,sarcasm,sarcasm
test:00007385,sarcasm,sarcasm
test:00007386,sarcasm,irony
test:00007387,sarcasm,sarcasm
test:00007388,sarcasm,irony
test:00007389,sarcasm,sarcasm
test:00007390,sarcasm,irony
test:00007391,sarcasm,sarcasm
test:00007392,sarcasm,sarcasm
test:00007393,sarcasm,sarcasm
test:00007394,sarcasm,sarcasm
test:00007395,sarcasm,sarcasm
test:00007396,sarcasm,sarcasm
test:00007397,sarcasm,sarcasm
test:00007398,sarcasm,sarcasm
test:00007399,sarcasm,sarcasm
test:00007400,sarcasm,irony
test:00007401,sarcasm,irony
test:00007402,sarcasm,sarcasm
test:00007403,sarcasm,sarcasm
test:00007404,sarcasm,sarcasm
test:00007405,sarcasm,sarcasm
test:00007406,sarcasm,sarcasm
test:00007407,sarcasm,sarcasm
test:00007408,sarcasm,sarcasm
test:00007409,sarcasm,sarcasm
test:00007410,sarcasm,sarcasm
test:00007411,sarcasm,irony
test:00007412,sarcasm,irony
test:00007413,sarcasm,sarcasm
test:00007414,sarcasm,irony
test:00007415,sarcasm,irony
test:00007416,sarcasm,sarcasm
test:00007417,sarcasm,sarcasm
test:00007418,sarcasm,sarcasm
test:00007419,sarcasm,sarcasm
test:00007420,sarcasm,sarcasm
test:00007421,sarcasm,sarcasm
test:00007422,sarcasm,irony
test:00007423,sarcasm,sarcasm
test:00007424,sarcasm,sarcasm
test:00007425,sarcasm,sarcasm
test:00007426,sarcasm,sarcasm
test:00007427,sarcasm,sarcasm
test:00007428,sarcasm,sarcasm
test:00007429,sarcasm,irony
test:00007430,sarcasm,sarcasm
test:00007431,sarcasm,irony
test:00007432,sarcasm,sarcasm
test:00007433,sarcasm,sarcasm
test:00007434,sarcasm,sarcasm
test:00007435,sarcasm,sarcasm
test:00007436,sarcasm,regular
test:00007437,sarcasm,sarcasm
test:00007438,sarcasm,sarcasm
test:00007439,sarcasm,sarcasm
test:00007440,sarcasm,sarcasm
test:00007441,sarcasm,irony
test:00007442,sarcasm,sarcasm
test:00007443,sarcasm,sarcasm
test:00007444,sarcasm,irony
test:00007445,sarcasm,sarcasm
test:00007446,sarcasm,sarcasm
test:00007447,sarcasm,sarcasm
test:00007448,sarcasm,sarcasm
test:00007449,sarcasm,sarcasm
test:00007450,sarcasm,irony
test:00007451,sarcasm,sarcasm
test:00007452,sarcasm,sarcasm
test:00007453,sarcasm,sarcasm
test:00007454,sarcasm,sarcasm
test:00007455,sarcasm,sarcasm
test:00007456,sarcasm,irony
test:00007457,sarcasm,sarcasm
test:00007458,sarcasm,sarcasm
test:00007459,sarcasm,irony
test:00007460,sarcasm,sarcasm
test:00007461,sarcasm,sarcasm
test:00007462,sarcasm,sarcasm
test:00007463,sarcasm,sarcasm
test:00007464,sarcasm,sarcasm
test:00007465,sarcasm,sarcasm
test:00007466,sarcasm,irony
test:00007467,sarcasm,sarcasm
test:00007468,sarcasm,sarcasm
test:00007469,sarcasm,sarcasm
test:00007470,sarcasm,sarcasm
test:00007471,sarcasm,sarcasm
test:00007472,sarcasm,sarcasm
test:00007473,sarcasm,sarcasm
test:00007474,sarcasm,sarcasm
test:00007475,sarcasm,sarcasm
test:00007476,sarcasm,sarcasm
test:00007477,sarcasm,sarcasm
test:00007478,sarcasm,sarcasm
test:00007479,sarcasm,irony
test:00007480,sarcasm,sarcasm
test:00007481,sarcasm,sarcasm
test:00007482,sarcasm,irony
test:00007483,sarcasm,sarcasm
test:00007484,sarcasm,irony
test:00007485,sarcasm,irony
test:00007486,sarcasm,sarcasm
test:00007487,sarcasm,irony
test:00007488,sarcasm,irony
test:00007489,sarcasm,sarcasm
test:00007490,sarcasm,irony
test:00007491,sarcasm,irony
test:00007492,sarcasm,irony
test:00007493,sarcasm,sarcasm
test:00007494,sarcasm,irony
test:00007495,sarcasm,sarcasm
test:00007496,sarcasm,sarcasm
test:00007497,sarcasm,sarcasm
test:00007498,sarcasm,irony
test:00007499,sarcasm,sarcasm
test:00007500,sarcasm,sarcasm
test:00007501,sarcasm,sarcasm
test:00007502,sarcasm,sarcasm
test:00007503,sarcasm,sarcasm
test:00007504,sarcasm,sarcasm
test:00007505,sarcasm,sarcasm
test:00007506,sarcasm,sarcasm
test:00007507,sarcasm,sarcasm
test:00007508,sarcasm,sarcasm
test:00007509,sarcasm,sarcasm
test:00007510,sarcasm,sarcasm
test:00007511,sarcasm,sarcasm
test:00007512,sarcasm,sarcasm
test:00007513,sarcasm,irony
test:00007514,sarcasm,sarcasm
test:00007515,sarcasm,sarcasm
test:00007516,sarcasm,sarcasm
test:00007517,sarcasm,sarcasm
test:00007518,sarcasm,irony
test:00007519,sarcasm,sarcasm
test:00007520,sarcasm,sarcasm
test:00007521,sarcasm,sarcasm
test:00007522,sarcasm,sarcasm
test:00007523,sarcasm,irony
test:00007524,sarcasm,irony
test:00007525,sarcasm,sarcasm
test:00007526,sarcasm,sarcasm
test:00007527,sarcasm,sarcasm
test:00007528,sarcasm,sarcasm
test:00007529,sarcasm,sarcasm
test:00007530,sarcasm,sarcasm
test:00007531,sarcasm,sarcasm
test:00007532,sarcasm,sarcasm
test:00007533,sarcasm,sarcasm
test:00007534,sarcasm,irony
test:00007535,sarcasm,sarcasm
test:00007536,sarcasm,irony
test:00007537,sarcasm,sarcasm
test:00007538,sarcasm,sarcasm
test:00007539,sarcasm,sarcasm
test:00007540,sarcasm,sarcasm
test:00007541,sarcasm,sarcasm
test:00007542,sarcasm,sarcasm
test:00007543,sarcasm,sarcasm
test:00007544,sarcasm,sarcasm
test:00007545,sarcasm,sarcasm
test:00007546,sarcasm,sarcasm
test:00007547,sarcasm,sarcasm
test:00007548,sarcasm,sarcasm
test:00007549,sarcasm,sarcasm
test:00007550,sarcasm,sarcasm
test:00007551,sarcasm,sarcasm
test:00007552,sarcasm,sarcasm
test:00007553,sarcasm,sarcasm
test:00007554,sarcasm,sarcasm
test:00007555,sarcasm,irony
test:00007556,sarcasm,sarcasm
test:00007557,sarcasm,irony
test:00007558,sarcasm,sarcasm
test:00007559,sarcasm,sarcasm
test:00007560,sarcasm,irony
test:00007561,sarcasm,sarcasm
test:00007562,sarcasm,sarcasm
test:00007563,sarcasm,sarcasm
test:00007564,sarcasm,irony
test:00007565,sarcasm,sarcasm
test:00007566,sarcasm,sarcasm
test:00007567,sarcasm,sarcasm
test:00007568,sarcasm,sarcasm
test:00007569,sarcasm,irony
test:00007570,sarcasm,sarcasm
test:00007571,sarcasm,sarcasm
test:00007572,sarcasm,sarcasm
test:00007573,sarcasm,irony
test:00007574,sarcasm,sarcasm
test:00007575,sarcasm,sarcasm
test:00007576,sarcasm,sarcasm
test:00007577,sarcasm,irony
test:00007578,sarcasm,irony
test:00007579,sarcasm,sarcasm
test:00007580,sarcasm,sarcasm
test:00007581,sarcasm,irony
test:00007582,sarcasm,irony
test:00007583,sarcasm,sarcasm
test:00007584,sarcasm,sarcasm
test:00007585,sarcasm,sarcasm
test:00007586,sarcasm,sarcasm
test:00007587,sarcasm,sarcasm
test:00007588,sarcasm,sarcasm
test:00007589,sarcasm,sarcasm
test:00007590,sarcasm,sarcasm
test:00007591,sarcasm,sarcasm
test:00007592,sarcasm,irony
test:00007593,sarcasm,sarcasm
test:00007594,sarcasm,sarcasm
test:00007595,sarcasm,irony
test:00007596,sarcasm,irony
test:00007597,sarcasm,sarcasm
test:00007598,sarcasm,sarcasm
test:00007599,sarcasm,sarcasm
test:00007600,sarcasm,sarcasm
test:00007601,sarcasm,sarcasm
test:00007602,sarcasm,sarcasm
test:00007603,sarcasm,sarcasm
test:00007604,sarcasm,sarcasm
test:00007605,sarcasm,irony
test:00007606,sarcasm,irony
test:00007607,sarcasm,sarcasm
test:00007608,sarcasm,sarcasm
test:00007609,sarcasm,irony
test:00007610,sarcasm,sarcasm
test:00007611,sarcasm,sarcasm
test:00007612,sarcasm,sarcasm
test:00007613,sarcasm,sarcasm
test:00007614,sarcasm,irony
test:00007615,sarcasm,sarcasm
test:00007616,sarcasm,irony
test:00007617,sarcasm,irony
test:00007618,sarcasm,irony
test:00007619,sarcasm,sarcasm
test:00007620,sarcasm,irony
test:00007621,sarcasm,sarcasm
test:00007622,sarcasm,sarcasm
test:00007623,sarcasm,sarcasm
test:00007624,sarcasm,regular
test:00007625,sarcasm,sarcasm
test:00007626,sarcasm,irony
test:00007627,sarcasm,sarcasm
test:00007628,sarcasm,irony
test:00007629,sarcasm,irony
test:00007630,sarcasm,irony
test:00007631,sarcasm,sarcasm
test:00007632,sarcasm,sarcasm
test:00007633,sarcasm,sarcasm
test:00007634,sarcasm,sarcasm
test:00007635,sarcasm,sarcasm
test:00007636,sarcasm,sarcasm
test:00007637,sarcasm,sarcasm
test:00007638,sarcasm,sarcasm
test:00007639,sarcasm,sarcasm
test:00007640,sarcasm,irony
test:00007641,sarcasm,sarcasm
test:00007642,sarcasm,sarcasm
test:00007643,sarcasm,sarcasm
test:00007644,sarcasm,sarcasm
test:00007645,sarcasm,sarcasm
test:00007646,sarcasm,sarcasm
test:00007647,sarcasm,sarcasm
test:00007648,sarcasm,irony
test:00007649,sarcasm,sarcasm
test:00007650,sarcasm,sarcasm
test:00007651,sarcasm,irony
test:00007652,sarcasm,sarcasm
test:00007653,sarcasm,sarcasm
test:00007654,sarcasm,sarcasm
test:00007655,sarcasm,sarcasm
test:00007656,sarcasm,sarcasm
test:00007657,sarcasm,sarcasm
test:00007658,sarcasm,irony
test:00007659,sarcasm,sarcasm
test:00007660,sarcasm,sarcasm
test:00007661,sarcasm,sarcasm
test:00007662,sarcasm,irony
test:00007663,sarcasm,sarcasm
test:00007664,sarcasm,sarcasm
test:00007665,sarcasm,irony
test:00007666,sarcasm,sarcasm
test:00007667,sarcasm,irony
test:00007668,sarcasm,sarcasm
test:00007669,sarcasm,sarcasm
test:00007670,sarcasm,irony
test:00007671,sarcasm,sarcasm
test:00007672,sarcasm,sarcasm
test:00007673,sarcasm,irony
test:00007674,sarcasm,irony
test:00007675,sarcasm,irony
test:00007676,sarcasm,irony
test:00007677,sarcasm,sarcasm
test:00007678,sarcasm,sarcasm
test:00007679,sarcasm,sarcasm
test:00007680,sarcasm,sarcasm
test:00007681,sarcasm,sarcasm
test:00007682,sarcasm,sarcasm
test:00007683,sarcasm,sarcasm
test:00007684,sarcasm,sarcasm
test:00007685,sarcasm,sarcasm
test:00007686,sarcasm,sarcasm
test:00007687,sarcasm,irony
test:00007688,sarcasm,sarcasm
test:00007689,sarcasm,sarcasm
test:00007690,sarcasm,sarcasm
test:00007691,sarcasm,sarcasm
test:00007692,sarcasm,sarcasm
test:00007693,sarcasm,sarcasm
test:00007694,sarcasm,sarcasm
test:00007695,sarcasm,irony
test:00007696,sarcasm,sarcasm
test:00007697,sarcasm,irony
test:00007698,sarcasm,sarcasm
test:00007699,sarcasm,irony
test:00007700,sarcasm,irony
test:00007701,sarcasm,irony
test:00007702,sarcasm,sarcasm
test:00007703,sarcasm,sarcasm
test:00007704,sarcasm,sarcasm
test:00007705,sarcasm,sarcasm
test:00007706,sarcasm,irony
test:00007707,sarcasm,sarcasm
test:00007708,sarcasm,irony
test:00007709,sarcasm,sarcasm
test:00007710,sarcasm,sarcasm
test:00007711,sarcasm,sarcasm
test:00007712,sarcasm,sarcasm
test:00007713,sarcasm,sarcasm
test:00007714,sarcasm,sarcasm
test:00007715,sarcasm,sarcasm
test:00007716,sarcasm,sarcasm
test:00007717,sarcasm,irony
test:00007718,sarcasm,regular
test:00007720,sarcasm,sarcasm
test:00007721,sarcasm,irony
test:00007722,sarcasm,irony
test:00007723,sarcasm,irony
test:00007724,sarcasm,sarcasm
test:00007725,sarcasm,irony
test:00007726,sarcasm,sarcasm
test:00007727,sarcasm,sarcasm
test:00007728,sarcasm,sarcasm
test:00007729,sarcasm,irony
test:00007730,sarcasm,sarcasm
test:00007731,sarcasm,sarcasm
test:00007732,sarcasm,irony
test:00007733,sarcasm,irony
test:00007734,sarcasm,irony
test:00007735,sarcasm,sarcasm
test:00007736,sarcasm,sarcasm
test:00007737,sarcasm,sarcasm
test:00007738,sarcasm,sarcasm
test:00007739,sarcasm,sarcasm
test:00007740,sarcasm,sarcasm
test:00007741,sarcasm,irony
test:00007742,sarcasm,sarcasm
test:00007743,sarcasm,sarcasm
test:00007744,sarcasm,sarcasm
test:00007745,sarcasm,irony
test:00007746,sarcasm,irony
test:00007747,sarcasm,irony
test:00007748,sarcasm,irony
test:00007749,sarcasm,sarcasm
test:00007750,sarcasm,sarcasm
test:00007751,sarcasm,sarcasm
test:00007752,sarcasm,irony
test:00007753,sarcasm,sarcasm
test:00007754,sarcasm,sarcasm
test:00007755,sarcasm,sarcasm
test:00007756,sarcasm,sarcasm
test:00007757,sarcasm,sarcasm
test:00007758,sarcasm,sarcasm
test:00007759,sarcasm,sarcasm
test:00007760,sarcasm,irony
test:00007761,sarcasm,sarcasm
test:00007762,sarcasm,regular
test:00007763,sarcasm,sarcasm
test:00007764,sarcasm,irony
test:00007765,sarcasm,sarcasm
test:00007766,sarcasm,sarcasm
test:00007767,sarcasm,sarcasm
test:00007768,sarcasm,sarcasm
test:00007769,sarcasm,sarcasm
test:00007770,sarcasm,irony
test:00007771,sarcasm,irony
test:00007772,sarcasm,sarcasm
test:00007773,sarcasm,irony
test:00007774,sarcasm,sarcasm
test:00007775,sarcasm,sarcasm
test:00007776,sarcasm,irony
test:00007777,sarcasm,sarcasm
test:00007778,sarcasm,sarcasm
test:00007779,sarcasm,irony
test:00007780,sarcasm,sarcasm
test:00007781,sarcasm,sarcasm
test:00007782,sarcasm,sarcasm
test:00007783,sarcasm,sarcasm
test:00007784,sarcasm,sarcasm
test:00007785,sarcasm,irony
test:00007786,sarcasm,sarcasm
test:00007787,sarcasm,irony
test:00007788,sarcasm,sarcasm
test:00007789,sarcasm,sarcasm
test:00007790,sarcasm,irony
test:00007791,sarcasm,sarcasm
test:00007792,sarcasm,sarcasm
test:00007793,sarcasm,sarcasm
test:00007794,sarcasm,regular
test:00007795,sarcasm,irony
test:00007796,sarcasm,irony
test:00007797,sarcasm,sarcasm
test:00007798,sarcasm,irony
test:00007799,sarcasm,sarcasm
test:00007800,sarcasm,sarcasm
test:00007801,sarcasm,sarcasm
test:00007802,sarcasm,irony
test:00007803,sarcasm,sarcasm
test:00007804,sarcasm,irony
test:00007805,sarcasm,irony
test:00007806,sarcasm,irony
test:00007807,sarcasm,sarcasm
test:00007808,sarcasm,sarcasm
test:00007809,sarcasm,irony
test:00007810,sarcasm,sarcasm
test:00007811,sarcasm,sarcasm
test:00007812,sarcasm,sarcasm
test:00007813,sarcasm,sarcasm
test:00007814,sarcasm,sarcasm
test:00007815,sarcasm,sarcasm
test:00007816,sarcasm,sarcasm
test:00007817,sarcasm,sarcasm
test:00007818,sarcasm,sarcasm
test:00007819,sarcasm,sarcasm
test:00007820,sarcasm,irony
test:00007821,sarcasm,sarcasm
test:00007822,sarcasm,sarcasm
test:00007823,sarcasm,sarcasm
test:00007824,sarcasm,sarcasm
test:00007825,sarcasm,sarcasm
test:00007826,sarcasm,irony
test:00007827,sarcasm,sarcasm
test:00007828,sarcasm,sarcasm
test:00007829,sarcasm,sarcasm
test:00007830,sarcasm,sarcasm
test:00007831,sarcasm,sarcasm
test:00007832,sarcasm,sarcasm
test:00007833,sarcasm,sarcasm
test:00007834,sarcasm,sarcasm
test:00007835,sarcasm,sarcasm
test:00007836,sarcasm,irony
test:00007837,sarcasm,regular
test:00007838,sarcasm,irony
test:00007839,sarcasm,sarcasm
test:00007840,sarcasm,sarcasm
test:00007841,sarcasm,irony
test:00007842,sarcasm,sarcasm
test:00007843,sarcasm,sarcasm
test:00007844,sarcasm,regular
test:00007845,sarcasm,sarcasm
test:00007846,sarcasm,irony
test:00007847,sarcasm,sarcasm
test:00007848,sarcasm,sarcasm
test:00007849,sarcasm,sarcasm
test:00007850,sarcasm,sarcasm
test:00007851,sarcasm,sarcasm
test:00007852,sarcasm,irony
test:00007853,sarcasm,sarcasm
test:00007854,sarcasm,sarcasm
test:00007855,sarcasm,sarcasm
test:00007857,sarcasm,sarcasm
test:00007858,sarcasm,sarcasm
test:00007859,sarcasm,sarcasm
test:00007860,sarcasm,sarcasm
test:00007861,sarcasm,irony
test:00007862,sarcasm,sarcasm
test:00007863,sarcasm,sarcasm
test:00007864,sarcasm,sarcasm
test:00007865,sarcasm,sarcasm
test:00007866,sarcasm,irony
test:00007867,sarcasm,sarcasm
test:00007868,sarcasm,irony
test:00007869,sarcasm,sarcasm
test:00007870,sarcasm,sarcasm
test:00007871,sarcasm,irony
test:00007872,sarcasm,irony
test:00007873,sarcasm,sarcasm
test:00007874,sarcasm,sarcasm
test:00007875,sarcasm,irony
test:00007876,sarcasm,sarcasm
test:00007877,sarcasm,sarcasm
test:00007878,sarcasm,sarcasm
test:00007879,sarcasm,sarcasm
test:00007880,sarcasm,sarcasm
test:00007881,sarcasm,irony
test:00007882,sarcasm,sarcasm
test:00007883,sarcasm,sarcasm
test:00007884,sarcasm,sarcasm
test:00007885,sarcasm,sarcasm
test:00007886,sarcasm,sarcasm
test:00007887,sarcasm,sarcasm
test:00007888,sarcasm,sarcasm
test:00007889,sarcasm,irony
test:00007890,sarcasm,sarcasm
test:00007891,sarcasm,sarcasm
test:00007892,sarcasm,sarcasm
test:00007893,sarcasm,sarcasm
test:00007894,sarcasm,sarcasm
test:00007895,sarcasm,sarcasm
test:00007896,sarcasm,sarcasm
test:00007897,sarcasm,irony
test:00007898,sarcasm,irony
test:00007899,sarcasm,irony
test:00007900,sarcasm,sarcasm
test:00007901,sarcasm,sarcasm
test:00007902,sarcasm,sarcasm
test:00007903,sarcasm,irony
test:00007904,sarcasm,irony
test:00007905,sarcasm,irony
test:00007906,sarcasm,sarcasm
test:00007907,sarcasm,irony
test:00007908,sarcasm,sarcasm
test:00007909,sarcasm,sarcasm
test:00007910,sarcasm,sarcasm
test:00007911,sarcasm,sarcasm
test:00007912,sarcasm,sarcasm
test:00007913,sarcasm,sarcasm
test:00007914,sarcasm,sarcasm
test:00007915,sarcasm,sarcasm
test:00007916,sarcasm,sarcasm
test:00007917,sarcasm,sarcasm
test:00007918,sarcasm,sarcasm
test:00007919,sarcasm,sarcasm
test:00007920,sarcasm,irony
test:00007921,sarcasm,sarcasm
test:00007922,sarcasm,irony
test:00007923,sarcasm,sarcasm
test:00007924,sarcasm,sarcasm
test:00007925,sarcasm,sarcasm
test:00007926,sarcasm,sarcasm
test:00007927,sarcasm,sarcasm
test:00007928,sarcasm,sarcasm
test:00007929,sarcasm,sarcasm
test:00007930,sarcasm,sarcasm
test:00007931,sarcasm,sarcasm
test:00007932,sarcasm,sarcasm
test:00007933,sarcasm,sarcasm
test:00007934,sarcasm,sarcasm
test:00007935,sarcasm,sarcasm
test:00007936,sarcasm,sarcasm
test:00007937,sarcasm,sarcasm
test:00007938,sarcasm,irony
test:00007939,sarcasm,irony
test:00007940,sarcasm,sarcasm
test:00007941,sarcasm,sarcasm
test:00007942,sarcasm,irony
test:00007943,sarcasm,sarcasm
test:00007944,sarcasm,sarcasm
test:00007945,sarcasm,irony
test:00007946,sarcasm,sarcasm
test:00007947,sarcasm,sarcasm
test:00007948,sarcasm,sarcasm
test:00007949,sarcasm,sarcasm
test:00007950,sarcasm,irony
test:00007951,sarcasm,irony
test:00007952,sarcasm,sarcasm
test:00007953,sarcasm,sarcasm
test:00007954,sarcasm,sarcasm
test:00007955,sarcasm,irony
test:00007956,sarcasm,sarcasm
test:00007957,sarcasm,sarcasm
test:00007958,sarcasm,irony
test:00007959,sarcasm,sarcasm
test:00007960,sarcasm,sarcasm
test:00007961,sarcasm,sarcasm
test:00007962,sarcasm,sarcasm
test:00007963,sarcasm,sarcasm
test:00007964,sarcasm,sarcasm
test:00007965,sarcasm,irony
test:00007966,sarcasm,irony
test:00007967,sarcasm,sarcasm
test:00007968,sarcasm,irony
test:00007969,sarcasm,irony
test:00007970,sarcasm,regular
test:00007971,sarcasm,sarcasm
test:00007972,sarcasm,irony
test:00007973,sarcasm,sarcasm
test:00007974,sarcasm,sarcasm
test:00007975,sarcasm,irony
test:00007976,sarcasm,sarcasm
test:00007977,sarcasm,sarcasm
test:00007978,sarcasm,sarcasm
test:00007979,sarcasm,sarcasm
test:00007980,sarcasm,sarcasm
test:00007981,sarcasm,sarcasm
test:00007982,sarcasm,sarcasm
test:00007983,sarcasm,sarcasm
test:00007984,sarcasm,irony
test:00007985,sarcasm,sarcasm
test:00007986,sarcasm,sarcasm
test:00007987,sarcasm,sarcasm
test:00007988,sarcasm,sarcasm
test:00007989,sarcasm,sarcasm
test:00007990,sarcasm,irony
test:00007991,sarcasm,sarcasm
test:00007992,sarcasm,irony
test:00007993,sarcasm,sarcasm
test:00007994,sarcasm,sarcasm
test:00007995,sarcasm,sarcasm
test:00007996,sarcasm,irony
test:00007997,sarcasm,sarcasm
test:00007998,sarcasm,sarcasm
test:00007999,sarcasm,sarcasm
test:00008000,sarcasm,sarcasm
test:00008001,sarcasm,irony
test:00008002,sarcasm,sarcasm
test:00008003,sarcasm,sarcasm
test:00008004,sarcasm,sarcasm
test:00008005,sarcasm,sarcasm
test:00008006,sarcasm,sarcasm
test:00008007,sarcasm,sarcasm
test:00008008,sarcasm,sarcasm
test:00008009,sarcasm,sarcasm
test:00008010,sarcasm,sarcasm
test:00008011,sarcasm,sarcasm
test:00008012,sarcasm,sarcasm
test:00008013,sarcasm,sarcasm
test:00008014,sarcasm,sarcasm
test:00008015,sarcasm,sarcasm
test:00008016,sarcasm,sarcasm
test:00008017,sarcasm,sarcasm
test:00008018,sarcasm,sarcasm
test:00008019,sarcasm,sarcasm
test:00008020,sarcasm,sarcasm
test:00008021,sarcasm,sarcasm
test:00008022,sarcasm,irony
test:00008023,sarcasm,sarcasm
test:00008024,sarcasm,sarcasm
test:00008025,sarcasm,irony
test:00008026,sarcasm,sarcasm
test:00008027,sarcasm,irony
test:00008028,sarcasm,sarcasm
test:00008029,sarcasm,sarcasm
test:00008030,sarcasm,irony
test:00008031,sarcasm,sarcasm
test:00008032,sarcasm,sarcasm
test:00008033,sarcasm,irony
test:00008034,sarcasm,sarcasm
test:00008035,sarcasm,sarcasm
test:00008036,sarcasm,sarcasm
test:00008037,sarcasm,sarcasm
test:00008038,sarcasm,regular
test:00008039,sarcasm,sarcasm
test:00008040,sarcasm,sarcasm
test:00008041,sarcasm,sarcasm
test:00008042,sarcasm,sarcasm
test:00008043,sarcasm,sarcasm
test:00008044,sarcasm,sarcasm
test:00008045,sarcasm,sarcasm
test:00008046,sarcasm,sarcasm
test:00008047,sarcasm,sarcasm
test:00008048,sarcasm,irony
test:00008049,sarcasm,sarcasm
test:00008050,sarcasm,sarcasm
test:00008051,sarcasm,irony
test:00008052,sarcasm,irony
test:00008053,sarcasm,sarcasm
test:00008054,sarcasm,sarcasm
test:00008055,sarcasm,sarcasm
test:00008056,sarcasm,sarcasm
test:00008057,sarcasm,irony
test:00008058,sarcasm,sarcasm
test:00008059,sarcasm,sarcasm
test:00008060,sarcasm,irony
test:00008061,sarcasm,sarcasm
test:00008062,sarcasm,sarcasm
test:00008063,sarcasm,sarcasm
test:00008064,sarcasm,irony
test:00008065,sarcasm,irony
test:00008066,sarcasm,sarcasm
test:00008067,sarcasm,sarcasm
test:00008068,sarcasm,sarcasm
test:00008069,sarcasm,sarcasm
test:00008070,sarcasm,sarcasm
test:00008071,sarcasm,sarcasm
test:00008072,sarcasm,sarcasm
test:00008073,sarcasm,sarcasm
test:00008074,sarcasm,irony
test:00008075,sarcasm,irony
test:00008076,sarcasm,sarcasm
test:00008077,sarcasm,irony
test:00008078,sarcasm,irony
test:00008079,sarcasm,sarcasm
test:00008080,sarcasm,irony
test:00008081,sarcasm,sarcasm
test:00008082,sarcasm,sarcasm
test:00008083,sarcasm,irony
test:00008084,sarcasm,sarcasm
test:00008086,sarcasm,irony
test:00008087,sarcasm,sarcasm
test:00008088,sarcasm,sarcasm
test:00008089,sarcasm,sarcasm
test:00008090,sarcasm,sarcasm
test:00008091,sarcasm,sarcasm
test:00008092,sarcasm,irony
test:00008093,sarcasm,sarcasm
test:00008094,sarcasm,sarcasm
test:00008095,sarcasm,sarcasm
test:00008096,sarcasm,irony
test:00008097,sarcasm,sarcasm
test:00008098,sarcasm,irony
test:00008099,sarcasm,sarcasm
test:00008100,sarcasm,sarcasm
test:00008101,sarcasm,sarcasm
test:00008102,sarcasm,sarcasm
test:00008103,sarcasm,sarcasm
test:00008104,sarcasm,sarcasm
test:00008105,sarcasm,sarcasm
test:00008106,sarcasm,sarcasm
test:00008107,sarcasm,sarcasm
test:00008108,sarcasm,sarcasm
test:00008109,sarcasm,irony
test:00008110,sarcasm,sarcasm
test:00008111,sarcasm,sarcasm
test:00008112,sarcasm,irony
test:00008113,sarcasm,irony
test:00008114,sarcasm,irony
test:00008115,sarcasm,irony
test:00008116,sarcasm,sarcasm
test:00008117,sarcasm,sarcasm
test:00008118,sarcasm,sarcasm
test:00008119,sarcasm,sarcasm
test:00008120,sarcasm,irony
test:00008121,sarcasm,sarcasm
test:00008122,sarcasm,sarcasm
test:00008123,sarcasm,sarcasm
test:00008124,sarcasm,sarcasm
test:00008125,sarcasm,sarcasm
test:00008126,sarcasm,sarcasm
test:00008127,sarcasm,sarcasm
